:0200000480007A
:2000000000000000700059B30000000000000000000000000000000064B81E799B47E18668
:20002000910000F8D9FF7C04DC0F0090000600F000B403F00100000000000000000600F0D0
:2000400000B503F00300000001000000000600F000B403F00000000090000000000600F0D1
:2000600000B403F00100000090000000000600F000B503F00200000090000000000600F022
:2000800000B503F00300000090000000000700F000B503F00100000000000000000700F08E
:2000A00000B503F00500000001000000000700F000C003F00900000002000000000700F0E6
:2000C00000B103F00A00000004000000000700F000D303F00D00000005000000000700F0A8
:2000E00000A203F00300000006000000000700F000A203F00200000090000000000700F04D
:2001000000B103F00C00000090000000000700F000B503F00000000090000000000700F079
:2001200000B503F00100000090000000000700F000B503F00400000090000000000700F05C
:2001400000B503F00500000090000000000700F000C003F00A00000090000000000700F027
:2001600000D303F00C00000090000000000700F000D303F00D00000090000000000800F0CB
:2001800000B403F00300000000000000000800F000A203F00100000001000000000800F02E
:2001A00000B003F00600000003000000000800F000D303F00800000004000000000800F0D1
:2001C00000A203F00000000006000000000800F000A203F00000000090000000000800F06F
:2001E00000B003F00500000090000000000800F000B403F00200000090000000000800F09E
:2002000000B403F00300000090000000000800F000D303F00800000090000000000800F056
:2002200000D303F00900000090000000000900F000B503F00700000000000000000900F0BE
:2002400000C003F00300000002000000000900F000A003F00100000004000000000900F05C
:2002600000C103F00600000005000000000900F000A003F00000000098000000000900F0A2
:2002800000A003F00100000090000000000900F000B503F00600000090000000000900F00A
:2002A00000B503F00700000090000000000900F000C003F00000000090000000000900F0CA
:2002C00000C003F00300000090000000000900F000C103F00700000090000000000600F09E
:2002E00000000000000700F001000000000800F002000000000900F0030000000050C348B5
:20030000640000000050C348640000001400000000000000000000000100000000000000A5
:200320000000000000000000000000000000000000000000000001010700000000000901AA
:20034000000000000602000000000A03000000000000000000000000010100000000000086
:20036000002A00F000000000002B00F001000000000081F800000000000083F80100000052
:2003800000000000000000000000000000000000000000000000000000000000000000005D
:2003A0000000010000010F00010F0000000000000000000000000000002E00F002000000FC
:2003C00000A003F00800000000000000002E00F00200000000D303F0060000000100000095
:2003E000002E00F00200000000A003F00700000000000000002E00F00200000000D303F05D
:200400000700000001000000002E00F00300000000A203F00700000000000000002E00F0F9
:200420000300000000A203F00600000000000000002E00F00400000000A003F00900000060
:2004400000000000002E00F00400000000D303F00500000001000000002E00F0040000008C
:2004600000A203F00800000000000000002E00F00500000000C103F0060000000000000002
:20048000002E00F00500000000B003F00100000001000000002E00F00500000000C103F0BD
:2004A0000700000000000000002E00F00500000000B003F00300000001000000002E00F04D
:2004C0000600000000C003F00000000000000000002E00F00600000000C003F00300000089
:2004E00000000000002E00F00600000000B003F00200000001000000000002000000000030
:2005000000A203F00000000088000000000002003000000000C203F001000000880000004E
:20052000000002003500000000C103F00200000088000000000002005500000000B403F048
:200540000500000088000000000002000800000000A203F0080000008800000000000200DD
:200560000900000000A003F00000000088000000000103006700000000B003F00100000048
:2005800088000000000102000A00000000A003F00100000088000000000102000B0000009C
:2005A00000A003F00200000088000000000102000100000000A203F00100000088000000FC
:2005C000000102001F00000000D303F00900000088000000000102002F00000000C203F0BB
:2005E0000000000088000000000102003600000000C103F0030000008800000000010200F8
:200600005400000000B403F00400000088000000000203006800000000B003F00200000041
:2006200088000000000203006B00000000B003F00500000088000000000202000C00000082
:2006400000A003F00300000088000000000202000200000000A203F0020000008800000057
:20066000000202002100000000D303F00B00000088000000000202003700000000C103F00D
:200680000400000088000000000202005300000000B403F00300000088000000000303003F
:2006A0006900000000B003F00300000088000000000303006C00000000B003F00600000088
:2006C00088000000000302000D00000000A003F00400000088000000000302000300000059
:2006E00000A203F00300000088000000000302003100000000C203F0020000008800000065
:20070000000302003800000000C103F00500000088000000000302005200000000B403F05D
:200720000200000088000000000402000E00000000A003F0050000008800000000040200F5
:200740000400000000A203F00400000088000000000402003200000000C203F00300000084
:2007600088000000000402003900000000C103F00600000088000000000402003D0000002D
:2007800000C003F00300000088000000000402005100000000B403F0010000008800000094
:2007A000000502000F00000000A003F00600000088000000000502002800000000D203F00E
:2007C0000400000088000000000502003A00000000C103F007000000880000000005020002
:2007E0000500000000A203F00500000088000000000602001000000000A003F00700000020
:2008000088000000000602002A00000000C303F00100000088000000000602003B0000009C
:2008200000C003F00000000088000000000602000600000000A203F006000000880000004C
:20084000000702001100000000A003F00800000088000000000702004000000000C003F05F
:200860000800000088000000000702000700000000A203F0070000008800000001000300B0
:200880000000000000A203F00000000088000000010003003000000000C203F00100000051
:2008A00088000000010003003500000000C103F002000000880000000100020044000000F2
:2008C00000C003F00C00000088000000010002004C00000000B503F005000000880000004D
:2008E000010002004D00000000B503F00600000088000000010003000800000000A203F0D1
:200900000800000088000000010003000900000000A003F00000000088000000010102001B
:200920006700000000B003F00100000088000000010103000A00000000A003F00100000081
:2009400088000000010103000B00000000A003F002000000880000000101030001000000DC
:2009600000A203F00100000088000000010103001F00000000D303F00900000088000000DE
:20098000010103002F00000000C203F00000000088000000010103003600000000C103F0F7
:2009A0000300000088000000010102004500000000C003F00D000000880000000101020017
:2009C0004E00000000B503F00700000088000000010102004F00000000B503F0080000008F
:2009E00088000000010102005600000000B403F00600000088000000010202006800000073
:200A000000B003F00200000088000000010202006B00000000B003F0050000008800000009
:200A2000010203000C00000000A003F00300000088000000010203000200000000A203F0E9
:200A40000200000088000000010203002100000000D303F00B000000880000000102030086
:200A60003700000000C103F00400000088000000010202004600000000C003F00E000000F3
:200A800088000000010202005000000000B403F000000000880000000103020069000000DB
:200AA00000B003F00300000088000000010302006C00000000B003F0060000008800000065
:200AC000010303000D00000000A003F00400000088000000010303000300000000A203F044
:200AE0000300000088000000010303003100000000C203F0020000008800000001030300ED
:200B00003800000000C103F00500000088000000010302004700000000B503F00000000067
:200B200088000000010403000E00000000A003F005000000880000000104030004000000EB
:200B400000A203F00400000088000000010403003200000000C203F00300000088000000FA
:200B6000010403003900000000C103F00600000088000000010403003D00000000C003F0FA
:200B80000300000088000000010402004800000000B503F001000000880000000105030041
:200BA0000F00000000A003F00600000088000000010503002800000000D203F0040000000B
:200BC00088000000010503003A00000000C103F007000000880000000105030005000000F9
:200BE00000A203F00500000088000000010502004100000000C003F0090000008800000046
:200C0000010502004900000000B503F00200000088000000010603001000000000A003F0A4
:200C20000700000088000000010603002A00000000C303F0010000008800000001060300A8
:200C40003B00000000C003F00000000088000000010602004200000000C003F00A00000016
:200C600088000000010603000600000000A203F00600000088000000010602004A00000066
:200C800000B503F00300000088000000010703001100000000A003F00800000088000000E2
:200CA000010702004300000000C003F00B00000088000000010702004B00000000B503F0A4
:200CC0000400000088000000010703000700000000A203F00700000088000000020002004E
:200CE0001200000000A003F00900000088000000020002001A00000000D303F004000000D6
:200D000088000000020002002000000000D303F00A00000088000000020003004400000086
:200D200000C003F00C00000088000000020002005E00000000B303F00300000088000000D9
:200D4000020102001B00000000D303F00500000088000000020103004500000000C003F022
:200D60000D00000088000000020102005F00000000B103F002000000880000000202020046
:200D80001C00000000D303F00600000088000000020203004600000000C003F00E000000D5
:200DA00088000000020202006000000000B103F003000000880000000203020015000000FA
:200DC00000A003F00C00000088000000020302001D00000000D303F0070000008800000073
:200DE000020303004700000000B503F00000000088000000020302006100000000B103F068
:200E00000600000088000000020402001E00000000D303F0080000008800000002040200C0
:200E20002200000000D303F00C00000088000000020403004800000000B503F0010000003C
:200E400088000000020402006200000000B103F0090000008800000002050200230000003F
:200E600000D303F00D00000088000000020503004100000000C003F0090000008800000088
:200E8000020503004900000000B503F00200000088000000020502005B00000000B303F0C3
:200EA0000000000088000000020502006300000000B103F00A0000008800000002060200FE
:200EC0006400000000B103F00B00000088000000020602002400000000D203F00000000084
:200EE00088000000020602003E00000000C003F00600000088000000020603004200000094
:200F000000C003F00A00000088000000020603004A00000000B503F0030000008800000004
:200F2000020602005C00000000B303F00100000088000000020702006500000000B103F008
:200F40000C00000088000000020702003F00000000C003F007000000880000000207030065
:200F60004000000000C003F00800000088000000020703004300000000C003F00B000000E1
:200F800088000000020703004B00000000B503F00400000088000000020702005D000000D6
:200FA00000B303F00200000088000000030003001200000000A003F00900000088000000C5
:200FC000030003001A00000000D303F00400000088000000030003002000000000D303F0B3
:200FE0000A00000088000000030003004C00000000B503F0050000008800000003000300D2
:201000004D00000000B503F00600000088000000030003005500000000B403F00500000046
:2010200088000000030003005E00000000B303F00300000088000000030103001B00000071
:2010400000D303F00500000088000000030103004E00000000B503F00700000088000000B1
:20106000030103004F00000000B503F00800000088000000030103005400000000B403F0E0
:201080000400000088000000030103005600000000B403F00600000088000000030103002B
:2010A0005F00000000B103F00200000088000000030203001C00000000D303F006000000B3
:2010C00088000000030203005000000000B403F000000000880000000302030053000000A6
:2010E00000B403F00300000088000000030203006000000000B103F0030000008800000027
:20110000030303001500000000A003F00C00000088000000030303001D00000000D303F09E
:201120000700000088000000030303005200000000B403F00200000088000000030303008B
:201140006100000000B103F00600000088000000030403001E00000000D303F00800000006
:2011600088000000030403002200000000D303F00C00000088000000030403005100000006
:2011800000B403F00100000088000000030403006200000000B103F009000000880000007E
:2011A000030503002300000000D303F00D00000088000000030503005B00000000B303F09A
:2011C0000000000088000000030503006300000000B103F00A0000008800000003060300D7
:2011E0006400000000B103F00B00000088000000030603002400000000D203F0000000005F
:2012000088000000030603003E00000000C003F00600000088000000030603005C00000053
:2012200000B303F00100000088000000030703006500000000B103F00C00000088000000D5
:20124000030703003F00000000C003F00700000088000000030703005D00000000B303F0F0
:20126000020000008800000000A003F00000000000A203F00200000000B003F00A0000000D
:2012800000B103F00B00000000B303F00D00000000B403F00E00000000B503F00F00000080
:2012A00000C003F01400000000C103F01500000000C203F01600000000C303F01700000006
:2012C00000D203F02000000000D303F021000000001C00F000C003F00C0000000000000077
:2012E000001C00F000C003F00C000000A0000000001C00F000C003F00E000000980000001E
:20130000001C00F000C003F00B00000098000000001C00F000C003F00D000000A8000000F7
:20132000001C00F00000000000C003F00800000098000000001C00F00D00000000B503F08D
:201340000000000098000000001C00F00100000000C003F00900000098000000001C00F088
:201360000200000000C003F00D00000098000000001C00F00300000000B103F00A00000056
:2013800098000000001C00F00400000000B103F00B00000098000000001C00F0050000004D
:2013A00000B103F00200000098000000001C00F00600000000C003F00A0000009800000088
:2013C000001C00F00700000000D303F00500000090000000001C00F00800000000C003F0D8
:2013E0000600000098000000001C00F00900000000C003F00300000098000000001D00F0DF
:2014000000B003F00100000000000000001D00F000B103F00300000001000000001D00F066
:2014200000B003F00100000090000000001D00F000B003F00300000098000000001D00F020
:2014400000B103F00900000098000000001D00F000B003F00200000098000000001D00F0F0
:2014600000B103F00600000098000000001D00F00000000000C003F008000000A0000000C2
:20148000001D00F00100000000C003F009000000A0000000001D00F00200000000C003F020
:2014A0000D000000A0000000001D00F00300000000B103F00A000000A0000000001D00F014
:2014C0000400000000B103F00B000000A0000000001D00F00500000000B103F00200000001
:2014E000A0000000001D00F00600000000D303F00A00000090000000001D00F007000000C5
:2015000000D303F00500000098000000001D00F00800000000B003F0040000009800000014
:20152000001D00F00900000000B003F005000000A0000000001E00F000B503F00400000093
:2015400000000000001E00F000B503F00700000001000000001E00F000C103F00200000009
:2015600002000000001E00F000C103F00300000002000000001E00F000B503F002000000EA
:2015800004000000001E00F000B303F00300000098000000001E00F000B503F0050000003D
:2015A00098000000001E00F000B503F00600000098000000001E00F000B303F0000000008B
:2015C00098000000001E00F000B303F00100000098000000001E00F000B503F0030000006D
:2015E00098000000001E00F000B503F006000000A8000000001E00F000B503F00800000031
:2016000098000000001E00F00000000000B503F00200000098000000001E00F001000000D3
:2016200000B403F00200000098000000001E00F00200000000B403F0060000009800000014
:20164000001E00F00300000000B403F00300000098000000001E00F00500000000B503F07C
:201660000100000098000000001E00F00600000000D303F00D000000A0000000001E00F03C
:201680000700000000C003F00A000000A0000000001E00F00800000000C003F00600000017
:2016A000A0000000001E00F00900000000C003F003000000A0000000001F00F000A203F079
:2016C0000500000000000000001F00F000D303F00D00000003000000001F00F000C203F05C
:2016E0000100000004000000001F00F000C103F00200000005000000001F00F000C103F058
:201700000300000005000000001F00F000C203F003000000A0000000001F00F000A203F0B6
:201720000600000098000000001F00F000B003F00600000098000000001F00F000C203F0F7
:201740000000000098000000001F00F000D303F00C00000098000000001F00F000C203F0B4
:2017600000000000A0000000001F00F000C203F001000000A0000000001F00F000A203F0C0
:201780000700000098000000001F00F000C203F00300000098000000001F00F000D303F076
:2017A0000B00000098000000001F00F00000000000A203F00400000098000000001F00F037
:2017C0000B00000000D303F00A00000098000000001F00F00C00000000C203F002000000C4
:2017E00098000000001F00F00D00000000C303F00100000098000000001F00F001000000D6
:2018000000A203F00000000098000000001F00F00100000000D303F0090000009800000024
:20182000001F00F00200000000A203F00100000098000000001F00F00200000000D303F092
:201840000800000098000000001F00F00300000000A203F00200000098000000001F00F098
:201860000400000000A203F00300000098000000001F00F00500000000A203F00800000083
:2018800090000000001F00F00600000000A003F00800000090000000001F00F00700000062
:2018A00000A003F00900000090000000001F00F00700000000D303F0070000009800000081
:2018C000001F00F00800000000B003F00500000098000000001C00F000000000001D00F098
:2018E00001000000001E00F002000000001F00F003000000040017B7D138000000000000EA
:20190000030017B7D138000000000000020017B7D13800000000000003000000F418008085
:20192000013B050017B7513912011202FF0F3F0312221402FFFFFF0F020000000F00000030
:20194000010000000F000000000000003F000000000000003F000000D5140000FF7F000092
:20196000002D3101006003F00000000000B503F00400000000000000006003F001000000B5
:2019800000B403F00300000000000000006003F00700000000C003F0090000000000000087
:2019A000006003F00600000000B103F00A00000003000000006003F00400000000B503F01E
:2019C0000500000003000000006003F00200000000A203F00100000001000000006003F0C0
:2019E0000300000000B403F00100000001000000006003F00700000000B503F00100000038
:201A000002000000006003F00500000000B503F00800000000000000006003F00200000067
:201A200000B003F00200000000000000006003F00300000000B003F0030000000000000005
:201A4000006003F00300000000A203F00000000002000000006003F00200000000A003F0B1
:201A60000400000002000000006003F00400000000D303F00700000000000000006003F0E9
:201A80000600000000C003F00000000000000000000000F000000000000100F001000000AB
:201AA0008D220080A1220080B2220080BD220080C6220080D4220080DC2200805A1E0180AC
:201AC000661E0180721E01807E1E01808A1E0180961E0180A21E0180AE1E0180BA1E01808E
:201AE000C61E0180D21E0180DE1E0180EA1E0180F61E0180021F01800E1F01801A1F01806B
:201B0000261F0180321F01803E1F01804A1F0180561F0180621F01806E1F01807A1F018045
:201B2000861F0180921F01809E1F0180AA1F0180B61F0180C21F0180CE1F0180DA1F018025
:201B4000E61F0180F21F0180FE1F01800A20018016200180222001802E2001803A20018000
:201B600046200180522001805E2001806A20018076200180822001808E2001809A200180DD
:201B8000A6200180B2200180BE200180CA200180D6200180E2200180EE200180FA200180BD
:201BA00006210180122101801E2101802A21018036210180422101804E2101805A21018095
:201BC00066210180722101807E2101808A21018096210180A2210180AE210180BA21018075
:201BE000C6210180D2210180DE210180EA210180F6210180022201800E2201801A22018052
:201C000026220180322201803E2201804A22018056220180622201806E2201807A2201802C
:201C200086220180922201809E220180AA220180B6220180C2220180CE220180DA2201800C
:201C4000E6220180F2220180FE2201800A23018016230180222301802E2301803A230180E7
:201C600046230180522301805E2301806A23018076230180822301808E2301809A230180C4
:201C8000A6230180B2230180BE230180CA230180D6230180E2230180EE230180FA230180A4
:201CA00006240180122401801E2401802A24018036240180422401804E2401805A2401807C
:201CC00066240180722401807E2401808A24018096240180A2240180AE240180BA2401805C
:201CE000C6240180D2240180DE240180EA240180F6240180022501800E2501801A25018039
:201D000026250180322501803E2501804A250180542501805E250180682501807225018027
:201D20007C25018086250180902501809A250180A4250180AE250180B8250180C22501807B
:201D4000CC250180D6250180E0250180EA250180F4250180FE2501800826018012260180D9
:201D60001C26018026260180302601800000000000000000000000000000000000000000FC
:201D8000000000000000000000000000000000000000000000000000000000000000000043
:201DA000000000000000000000000000000000000000000000000000000000000000000023
:201DC000000000000000000000000000000000000000000000000000000000000000000003
:201DE0000000000000000000000000000000000000000000000000000000000000000000E3
:201E00000000000000000000000000000000000000000000000000000000000000000000C2
:201E20000000000000000000000000000000000000000000000000000000000000000000A2
:201E4000000000000000000000000000000000000000000000000000000000000000000082
:201E6000000000000000000000000000000000000000000000000000000000000000000062
:201E8000000000000000000000000000000000000000000000000000000000000000000042
:201EA000000000000000000000000000000000000000000000000000000000000000000022
:201EC000000000000000000000000000000000000000000000000000000000000000000002
:201EE0000000000000000000000000000000000000000000000000000000000000000000E2
:201F00000000000000000000000000000000000000000000000000000000000000000000C1
:201F20000000000000000000000000000000000000000000000000000000000000000000A1
:201F4000000000000000000000000000000000000000000000000000000000000000000081
:201F6000000000000000000000000000000000000000000000000000000000000000000061
:201F8000000000000000000000000000000000000000000000000000000000000000000041
:201FA000000000000000000000000000000000000000000000000000000000000000000021
:201FC000000000000000000000000000000000000000000000000000000000000000000001
:201FE0000000000000000000000000000000000000000000000000000000000000000000E1
:202000000000000000000000000000000000000000000000000000000000000000000000C0
:202020000000000000000000000000000000000000000000000000000000000000000000A0
:20204000000000000000000000000000000000000000000000000000000000000000000080
:20206000000000000000000000000000000000000000000000000000000000000000000060
:20208000000000000000000000000000000000000000000000000000000000000000000040
:2020A000000000000000000000000000000000000000000000000000000000000000000020
:2020C000000000000000000000000000000000000000000000000000000000000000000000
:2020E0000000000000000000000000000000000000000000000000000000000000000000E0
:202100000000000000000000000000000000000000000000000000000000000000000000BF
:2021200000000000000000000000000000000000000000000000000000000000000000009F
:2021400000000000000000000000000000000000000000000000000000000000000000007F
:202160000000000000000000000000004E414E006E616E00494E4600696E66000002020225
:20218000020202020202030101010102020202020202020202020202020202020204404084
:2021A0004040404040404040404040404020202020202020202020404040404040408888CF
:2021C00088888888080808080808080808080808080808080808080840404040404090909F
:2021E00090909090101010101010101010101010101010101010101040404040020000005D
:202200000000000000000000000000000000000000000000000000000000000000000000BE
:2022200000000000000000000000000000000000000000000000000000000000000000009E
:2022400000000000000000000000000000000000000000000000000000000000000000007E
:20226000000000000000000000000000000000000000000000000000000000000025642CA9
:202280002025640D0A0014110B090E08030201010203010101020202030101030301030209
:2022A0000302010103020303020301010303010302030201010302030302030201030303D6
:2022C000030303030303030303030303030303030303030302010302030303030203025057
:2022E0004154482031004261736553706565643A20004B4559323A205061746820204B4518
:2023000059333A2B2F2D3530004B4559313A204261636B20204B4559343A2052756E0050EA
:2023200041544820320050415448203300504154482034005041544820350050415448209E
:202340003600504154482037003D3D3D2053455454494E47203D3D3D00506174683A200010
:202360002E2E2F6C69627261726965732F7A665F636F6D706F6E656E74732F7365656B6624
:202380007265655F617373697374616E742E630066696C653A2025730066696C653A206D3E
:2023A000646B2F2573006C696E653A202564000D0A66696C65202573206C696E652025641C
:2023C0003A2025732E0D0A000D0A66696C65202573206C696E652025642E0D0A004173737A
:2023E000657274206572726F72004C6F67206D657373616765002E2E2F6C696272617269B1
:2024000065732F7A665F636F6D6D6F6E2F7A665F636F6D6D6F6E5F6669666F2E6300000062
:20242000000000000000002F000000000700070000147F147F1400242A7F2A12006264084E
:20244000132300364955225000000503000000001C224100000041221C000014083E081484
:202460000008083E0808000000A06000000808080808000060600000402010080402003E5A
:202480005149453E0000427F4000004261514946002141454B31001814127F1000274545FA
:2024A0004539003C4A49493000017109050300364949493600064949291E00003636000041
:2024C000000056360000000814224100001414141414000041221408000201510906003279
:2024E0004959513E007C1211127C007F49494936003E41414122007F4141221C007F49497B
:202500004941007F09090901003E4149497A007F0808087F0000417F4100002040413F0113
:20252000007F08142241007F40404040007F020C027F007F0408107F003E4141413E007F38
:2025400009090906003E4151215E007F091929460046494949310001017F0101003F404067
:20256000403F001F2040201F003F4038403F006314081463000708700807006151494543E1
:2025800000007F414100020408102040000041417F0000040201020400404040404000006E
:2025A00001020400002054545478007F4844443800384444442000384444487F003854546E
:2025C000541800087E0901020018A4A4A47C007F080404780000447D4000004080847D00B4
:2025E000007F102844000000417F4000007C04180478007C0804047800384444443800FC90
:20260000242424180018242418FC007C0804040800485454542000043F444020003C404027
:20262000207C001C2040201C003C4030403C004428102844001CA0A0A07C004464544C4432
:2026400014141414141400000000000000000000000000000000000000F80000000000000A
:2026600000333000000000100C06100C0600000000000000000040C07840C0784000043F40
:2026800004043F040400007088FC08300000001820FF211E0000F008F000E0180000002148
:2026A0001C031E211E0000F00888700000001E2123241927211010160E0000000000000083
:2026C000000000000000000000E018040200000000071820400000020418E000000000403F
:2026E000201807000000404080F0804040000202010F01020200000000F0000000000101A0
:20270000011F01010100000000000000000080B070000000000000000000000000000001F5
:202720000101010101010000000000000000003030000000000000000000806018040060D7
:2027400018060100000000E010080810E000000F102020100F00001010F8000000000020B4
:20276000203F20200000007008080888700000302824222130000030088888483000001873
:20278000202020110E000000C02010F8000000070424243F240000F80888880808000019E3
:2027A000212020110E0000E0108888180000000F112020110E0000380808C83808000000B2
:2027C000003F000000000070880808887000001C222121221C0000E010080810E00000000C
:2027E000312222110F00000000C0C0000000000000303000000000000080000000000000E4
:202800008060000000000000804020100800000102040810200040404040404040000404D9
:2028200004040404040000081020408000000020100804020100007048080808F00000008D
:20284000003036010000C030C828E810E0000718272423140B000000C038E0000000203C79
:2028600023020227382008F8888888700000203F202020110E00C030080808083800071865
:2028800020202010080008F808080810E000203F202020100F0008F88888E8081000203F6B
:2028A00020202320180008F88888E8081000203F200003000000C03008080838000007188C
:2028C0002020221E020008F808000008F808203F210101213F20000808F80808000000202C
:2028E000203F2020000000000808F8080800C08080807F00000008F888C028180800203F73
:2029000020012638200008F8080000000000203F20202020300008F8F800F8F80800203FB2
:20292000003F003F200008F830C00008F808203F200007183F00E01008080810E0000F100D
:20294000202020100F0008F808080808F000203F210101010000E01008080810E0000F1846
:20296000242438504F0008F8888888887000203F2000030C3020007088080808380000384A
:20298000202121221C00180808F8080818000000203F2000000008F808000008F808001FA1
:2029A000202020201F000878880000C83808000007380E010000F80800F80008F800033CE3
:2029C0000700073C0300081868808068180820302C03032C30200838C800C838080000008C
:2029E000203F2000000010080808C83808002038262120201800000000FE0202020000002D
:202A0000007F40404000000C30C000000000000000010638C00000020202FE000000004038
:202A200040407F000000000004020202040000000000000000000000000000000000808089
:202A4000808080808080000202040000000000000000000000000000808080800000001955
:202A6000242222223F2008F8008080000000003F112020110E000000008080800000000E30
:202A8000112020201100000000808088F800000E112020103F200000808080800000001F47
:202AA000222222221300008080F0888888180020203F202000000000808080808000006B31
:202AC00094949493600008F8008080800000203F210000203F2000809898000000000020F8
:202AE000203F20200000000000809898000000C08080807F000008F8000080808000203FE9
:202B000024022D302000000808F8000000000020203F202000008080808080808000203F6C
:202B200020003F20003F8080008080800000203F210000203F200000808080800000001F39
:202B4000202020201F00808000808000000080FFA12020110E000000008080808000000E49
:202B6000112020A0FF80808080008080800020203F21200001000000808080808000003371
:202B8000242424241900008080E0808000000000001F202000008080000000808000001F2E
:202BA000202020103F20808080000080808000010E300806010080800080008080800F30B9
:202BC0000C030C300F0000808000808080000020312E0E312000808080000080808080813C
:202BE0008E701806010000808080808080000021302C2221300000000000807C02020000C8
:202C00000000003F404000000000FF00000000000000FF0000000002027C800000000040B7
:202C2000403F00000000000601010202040400000000000000002E2E2F6C69627261726991
:202C400065732F7A665F636F6D6D6F6E2F7A665F636F6D6D6F6E5F66756E6374696F6E2EBB
:202C600063002E2E2F6C69627261726965732F7A665F6465766963652F7A665F64657669B5
:202C800063655F626C65366132302E63002E2E2F6C69627261726965732F7A665F6465765B
:202CA0006963652F7A665F6465766963655F626C7565746F6F74685F6368393134312E6346
:202CC00000524D43004747410054485300494D5536363052422061636320616E642067799F
:202CE000726F2073656C6620636865636B206572726F722E002E2E2F6C69627261726965BE
:202D0000732F7A665F6465766963652F7A665F6465766963655F696D7536363072622E63D9
:202D200000494D5536363052425F4143435F53414D504C455F44454641554C542073657461
:202D4000206572726F722E00494D5536363052425F4759524F5F53414D504C455F444546F1
:202D600041554C5420736574206572726F722E002E2E2F6C69627261726965732F7A665F83
:202D80006465766963652F7A665F6465766963655F6970733131342E63004D543956303380
:202DA000582031207365742073636362206572726F722E002E2E2F6C696272617269657383
:202DC0002F7A665F6465766963652F7A665F6465766963655F6D7439763033785F646F75C6
:202DE000626C652E63004D5439563033582032207365742073636362206572726F722E0033
:202E00002E2E2F6C69627261726965732F7A665F6465766963652F7A665F646576696365AE
:202E20005F776966695F7370692E630000000000000000004552524F52002E2E2F6C6962FC
:202E40007261726965732F7A665F6465766963652F7A665F6465766963655F776966695FC3
:202E6000756172742E63006275737900000000000000000000000000000000000000000042
:202E800000000000000000000000000041542B43495053454E444C3D0041542B43495053F4
:202EA000454E443D00302C004F4B000D0A002E2E2F6C69627261726965732F7A665F646572
:202EC000766963652F7A665F6465766963655F776972656C6573735F756172742E63002EC6
:202EE0002E2F6C69627261726965732F7A665F6472697665722F7A665F6472697665725F65
:202F0000646D612E63002E2E2F6C69627261726965732F7A665F6472697665722F7A665F3E
:202F20006472697665725F656E636F6465722E63002E2E2F6C69627261726965732F7A66DE
:202F40005F6472697665722F7A665F6472697665725F657874692E63002E2E2F6C696272AE
:202F600061726965732F7A665F6472697665722F7A665F6472697665725F70776D2E630005
:202F80002E2E2F6C69627261726965732F7A665F6472697665722F7A665F647269766572F5
:202FA0005F736F66745F6969632E63002E2E2F6C69627261726965732F7A665F6472697666
:202FC00065722F7A665F6472697665725F7370692E63002E2E2F6C69627261726965732F6D
:1B2FE0007A665F6472697665722F7A665F6472697665725F756172742E630065
:0430000000A03CFFF1
:1230080073646820737468A0036568CA0BC30030009040
:203020000F05D011174580010B00D0010F00B02142218B0101110F2010006B0500200090A2
:203040003256FF0626003B00FEFF3FF617000F6510308B0602601745802600903256FF0673
:2030600018003B00FEFF3FF60F000F6500308B060260174580260090A2F63705C13F0F654B
:2030800010200090A2F682030F6500200090DA207FF60700174580360F6400200090A2F6EC
:2030A00082020F6400300090820C822D3C130757FFCF8755BFDFCE57460546048B1480400E
:2030C0008B05A050CE77460746068B1680608B07A07082028203820082013A260B2700F2DD
:2030E0006E023C4F0B6430F10B7500F20B75A0F26E04024002513C453A640B7500F26E03B8
:2031000082123C3F3B0004E00B6030F10B7100F20B71A0F2DE1087559FFF06116701801FF3
:203120008B1FE0060248025906156745805F0614C2FE3CEB0284029506F067101F0006F113
:20314000C21E82087AE86E1D87559FFF06116701801F8B1FE0060B60C0A00B71D0B007BB67
:203160009FFF06156745805F061406136723803F8B1FE0266E0302A002B1C2183FE8E67FB3
:2031800076C7460346028B1280208B03A030DF2D0B00071DE0FF76F7460146008B10800097
:2031A0008B01A01000903B00034040F440C5007074DF3B00034040C4007061000E00370A27
:2031C0006800DA0A4BF011020070610006003BE0024040C4007054DFC21F74DF00706D0069
:2031E000E1290090FF440B00538420F0910000F8D9FF1CB010FFD4F23C02A0023C01009051
:20320000094F4C18161F3C0182003E0E82103E0E82203E0F8240BE003B800000BE003B00B1
:203220000100BE003C1282023C126D00BF203C0F6D0008203C0C6D002C203C096D00901F21
:203240003C066D00791F3C0382023C013C01009082F282003C17538020F0910000F8D9FFCD
:203260001CB010FFD4FF7D4F0D80538020F0910000F8D9FF1CB010FF481F370F48203C04D3
:20328000C210BF40EAFF3C010090404F40F46DFFB9FF09FFD408370F6CF0C21F4B0F41F1CD
:2032A0004BF251203C0100906DFFD4FF53C220F060FF9140003F30F3D93F002849F2080A10
:2032C0003C0100906DFFC6FF53C220F060FF9140003F30F3D9320028B0423C0100906DFFDB
:2032E000B9FF53C220F060FF9140003F30F3D93200283C010090494F081A3C0554FF345F7E
:20330000B015C2F4FF14FCFF02423C0100902010404F0B541088026A89A7080909FF4C1844
:20332000161F78033C0140F46DFFB1FFC2188B4860F3370F68F074AF8B1A60F3370F68F0F9
:20334000780154AF4B0F61F14BF941503BF026F19B3FA8F34BF5413082044B5251004B0049
:20336000716182108F461FF06E0D7B0018144B1941104B1251104B0171118F411FF06E0253
:203380003C010269821882074B0061014B0241F04B0661014B0F51006B0031F582014B1F5B
:2033A00001F0AE046B0031B53C056B0031F567FFBFBF4B3B01F016038B0F20F26E02821421
:2033C000822D3C39DF2D05808210821E3C0773D70A004B8011028B1000E03C234B0D61A15D
:2033E0004BA241A0036D0AC04B0C61F14BFA51C06B0C31F5820A4BAF01F0AE046B0C31A5B3
:203400003C056B0C31F567FFBFAF4BAB01F0370F61F16E0602AB02D8036D0A900207C2109B
:203420007F0EDEFF4B3B01F016038B0F20F26E023C09C21DF647736D0AF03BF0FF007FF0A2
:20344000C3FF820440F46D00360009FFE00837097000370F0CF089FFA00809FFE20837080A
:203460007000370F0CF089FFA20809F0560854AFC2FF370F68F037F004F089FF160809F0F5
:203480005708580137F004F089FF170858026E03DA013C02DA0009F0570837F081F389FF79
:2034A000170840F409A40C096D00050082123C010090094F4C18374F05F0894F0C18F649B2
:2034C0003C01094F4F18370FE1F33C01EEFB3C093C01094F4F18370FE1F33C01DF1FFBFF20
:2034E0000090494F041A3C0A145F74FFB015C2F43C010C4E161FFF1FFE7FFF14F7FF02422B
:203500003C0100902008F4A4405DD4DFF44F40F46D00E60B820440F46DFFCDFFDA0009F034
:203520005A0837F002F089FF1A0809DFC80809F0D408C2FF370F70F037F00CF0ACFA09D4CC
:203540006C0840F46DFFB7FF09D4040909D54A0809D64D0809D74C0840F46DFFDAFE02287D
:20356000820440F46DFFA7FF09DF7C086E0382103C028200087F370F01F22CF709DF560827
:203580006E03DA013C02DA0009F05B0837F001F389FF1B0809DF540809F05B0837F081F36A
:2035A00089FF1B0809DF510809F0590837F083F089FF190809DF530809F05B0837F001F2C9
:2035C00089FF1B0809DF550809F05C0837F004F089FF1C0809D0580808CF370F02F32CFC64
:2035E00009DF590809F0500837F002F389FF100809DF500809F0D80837F003F3ACFC09D0BE
:203600005A0808DF8BF0200337006800370F04F02CFD09DF5B0809F051088BFF20F3370F41
:2036200068F037F004F089FF110809DF520809F05A0837F002F089FF1A0809DCA809BD0CB7
:203640007900D4CEBD0E280009C0040809C95D084CE16E2109E4840909E4480837006850EE
:203660006D00670E09E4840909E4480802956D00920ED4E2DA016E0382103C0282000C2786
:20368000370F81F22C27D4E20CEC0920460837F002F02C2609CE8809BD0E1E0009C00C0860
:2036A00009C95D084CE16E1709E4840909E44808370068506D003D0E09E4840909E448080C
:2036C00002956D00680ED4E20CEC0920440837F003F02C2409CE9009BD0E150009C5540869
:2036E00009C95D0809E4840909E448080CECA6F56D001F0E09E4840909E4480802956D00F4
:203700004A0E09CE9809BD0E150009C55C0809C95D0809E4840909E448080CECA6F56D00D9
:20372000080E09E4840909E4480802956D00330E09D46C0840F46DFFBEFEDA0089FF00194F
:2037400082FF6CFFDA00D4A22C2E09DF6D082E0CDA016E03DA013C02DA0009F0421837F083
:2037600001F089FF021809DF6D082E1CDA016E03DA013C02DA0009F0421837F001F189FFDC
:20378000021809DF6D082E2CDA016E03DA013C02DA0009F0431837F001F189FF031809DF21
:2037A0006D082E3CDA016E03DA013C02DA0009F0431837F081F189FF031809DF6D082E4C84
:2037C000DA016E03DA013C02DA0009F0431837F001F389FF0318DA002C2DDA002C2C09DF4B
:2037E0007D082C2FD20089205409DA006C240C2F82003E0482103E043C0682193C063BC0BA
:2038000000903C0382093C014CDC6E0C09D4B00909D4AE0802956D00F124D4A4894284095D
:203820003C0909D4AE0802956D00D424D4A4894284094CDE6E0C09D4B80909D4B408029572
:203840006D00DC24D4A4894288093C0909D4B40802956D00BF24D4A48942880909D966083E
:2038600009DFE208EE03DF39228040F46DFF2CFD09DFE2081420370F68F037F008F0342FDC
:203880000C21379F82F12C210C2396022C23DA016E03DA013C02DA0009F0431837F001F2A2
:2038A00089FF03180C2196042C2109DFE008EE03DF39228040F46DFF14FD09DFE008142021
:2038C000370F68F037F008F0342F0C21379F82F12C210C2396022C23DA016E03DA013C028A
:2038E000DA0009F0431837F081F389FF03180C2196042C2109DFE4086E2140F46DFFD6FC73
:2039000009DFE4081420370F68F037F008F0342F0C21379F82F12C210C2396022C23DA01CB
:203920006E03DA013C02DA0009F0421837F001F089FF02180C2196042C21DA016E03DA01DB
:203940003C02DA0009F0500837F081F089FF1008DA016E0382103C02820008CF370F81F09A
:203960002CFC09FF5008960189FF100808CF96012CFC02823C010090F445DA00894F3C0872
:20398000DA01894F2C08DA01AC447B107EF46C41DA032C4ADA002C4CDA032C4DDA00894F1E
:2039A0001008DA01894F1108DA01894F1208DA00894F1308DA00894F1608DA00894F1408EB
:2039C000DA07894F1508DA01894F1808DA01894F1908DA00894F1A08DA00894F1B08DA00E7
:2039E000894F1C08DA00894FA208DA00894FA008DA00894FA408DA00894F2608DAFF894F26
:203A00002D08A00FEC4AA00FEC4EA00FEC4CDA00894FAE08DA00894FB408DA00894F3D08EF
:203A20000090D44F09FF760816013C016E0909FF7E08960189FF3E080C4E96012C4E09FF1C
:203A40007608370F61F13C016E0909FF7E08960489FF3E080C4E96022C4E09FF7708370F6D
:203A600061F13C016E0909FF7F08960489FF3F080C4E96042C4E09FF7708370FE1F13C01FE
:203A80006E0909FF7F08960889FF3F080C4E96082C4E09FF7708370F61F33C016E0909FF64
:203AA0007F08964089FF3F080C4E96102C4E0090404F6D004A22022F02F46D0046218210DB
:203AC00074F002F46D0061223C0114FF370FE1F0BA0F3C01DF1FFB7F0090404F6D003522D4
:203AE000022F02F46D00312114F0B700010034F002F46D004A223C0114FF370FE1F0BA0F01
:203B00003C016EFB0090FF240B00538420F0910000F8D9FF20D010FFD4F23C02A0023C0117
:203B2000009082F282003C17538020F0910000F8D9FF20D010FFD4FF7D4F0D80538020F05A
:203B4000910000F8D9FF20D010FF481F370F48203C04C210BF20EAFF3C01009002486DFF93
:203B6000E2FF914000FFD9FF6008530221F010FF534820F010F23C0100907643DF14098030
:203B8000094F6C28375F02F0894F2C283C42DF240400DF340980094F6C28375F02F1894F17
:203BA0002C283C37DF440400DF540980094F6C28375F02F2894F2C283C2CDA0C7E48094F4D
:203BC0006C28375F02F3894F2C283C23DA0A3E43DA0D7E48094F6D28375F02F0894F2D2887
:203BE0003C18DF640400DF740980094F6D28375F02F1894F2D283C0DDA083E43DA097E4856
:203C0000094F6D28375F02F2894F2D283C0200A00090404F0B451088026A6D00C71B022B33
:203C20004B8B51406D00DA23022082033C0782224B200102F6023C05C213DA103FF3F9FF95
:203C4000DA107FF34B8076A682204B0911029AF03C029AF9370F700009F1E40837011000D9
:203C600089F0A408DA018200820137F101133701011789F138198F7300F182005380201070
:203C800082700F10000009F2301982F4C64026020F1F00F0A6F289F230198F8300F18B0F14
:203CA00020F26E0DDA00538F20F0C23F82100FF0000009FF3019A60F89FF301909FF7018B2
:203CC00037AF81F389FF3018DA010F3F00F04B0F61F14BFB51203C0282023C010090094066
:203CE00054080C5C8B4FA0F237F001F3894F1408094051080C5C37F002F3894F11080090DE
:203D0000404F024F02586D00511B02294BF951406D006423022082033C0782224B200102A0
:203D2000F6023C05C213DA103FF3F9FFDA107FF33F80C2F83708700009F1D41837011000AF
:203D400089F09418820082118202370201233712012789F238198F7300F182105380201083
:203D600082700F10000009F2301982F4C64026020F1F00F0A6F289F230198F8300F18B0F33
:203D800020F26E0DDA01538F20F0C23F82100FF0000009FF3019A60F89FF3019DA010F3F37
:203DA00000F04B0F61F14BF951203C0282023C010090094054080C5C8B4FA0F237F081F30F
:203DC000894F1408094054080C5C37F002F0894F14080090404D405FC86C89DC900914CF04
:203DE000370FE1F0BA0F3C01EE0440C46DFF77FE09FF5C081E1409FF5D086E5CDA0182108D
:203E00000FF000004CC1260F6E03DA013C02DA003C01EE08DA0182100FF000004CC1A60F9C
:203E20006CC109FF69086E2248BF6E05C864C8B56DFFC1FFDA0109F07008532F2010C2211C
:203E400082320F1200204CC582F3C632262F0F100000A60F6CC5483F370F70F009C0D418B3
:203E600037F010F089CF94183C064824483540C46DFF48FF09FFF80809C0D01837F010F055
:203E800089CF901809FF5D186E1409FF5D08EE1109FF7A0809C0741837F003F189CF341819
:203EA00009FF7B0809C0741837F082F289CF34183C0109FF5C086E0709FF5D18EE0409FF4E
:203EC0005D086E644818820182100F1000004CC126F07603DA013C02DA003C01EE088200D3
:203EE00082110F0100104CC1A61F6CC109FF5D186E0B09FF5D08EE08484F6E0609FF7A0822
:203F00005E5248483C0109FF60086E31489F6E05C864C8956DFFE5FEDA0009F06808532F1E
:203F200020F09221DA030F1F00204CC582F3C632262F0F100000A60F6CC509FF740809C06E
:203F4000701837F081F389CF301809FF74085E16DA024BF811028BF01F80370870F009C0F2
:203F6000E40837F010F089CFA4083C0854F409F6740840C402856DFF4EFE09FFF60809C011
:203F8000E00837F010F089CFA00809FEA019BD0E2300D4ECBCCF09EF080809C4840909C4EA
:203FA0004808370F68506D00C409D4C440C56DFF98FE09EC8409BCCF09EF080809C484096B
:203FC00009C44808370F68506D00B309D4C440C56DFFF1FE09FFFE086E2CC86209F07C0856
:203FE000DA010F0F00F009203029A6F089203029C86409F47C0809F57D086DFFC0FDC86439
:2040000009F47D086DFFACFD09F0401809FFFE081421370F68F037F108F0342F0C21370FE1
:2040200082F12C210C2396022C230C2196042C2109FFC4186E2CC86209F04218DA010F0FA2
:2040400000F009203029A6F089203029C86409F4421809F543186DFF92FDC86409F44318FB
:204060006DFF7EFD09F0461809FFC4181421370F68F037F108F0342F0C21370F82F12C2195
:204080000C2396022C230C2196042C2109FFCA186E2CC86209F04818DA010F0F00F00920DD
:2040A0003029A6F089203029C86409F4481809F549186DFF64FDC86409F449186DFF50FD17
:2040C00009F04C1809FFCA181421370F68F037F108F0342F0C21370F82F12C210C23960249
:2040E0002C230C2196042C2109FFD0186E2CC86209F04E18DA010F0F00F009203029A6F049
:2041000089203029C86409F44E1809F54F186DFF36FDC86409F44F186DFF22FD09F052188C
:2041200009FFD0181421370F68F037F108F0342F0C21370F82F12C210C2396022C230C21C3
:2041400096042C2109FF5C0889DF140849FF141A49D2180AA02444FF642FFC4E00902068D9
:20416000910000F8D9FF3CB049FF000A49A2000AC506180044FF642FFC6E49AF000A4942FB
:20418000000AC506180044FF642FFC6E894598090090404F09FF5408DF1F3780C842DA0067
:2041A0008210820137F10113370101178921381909FF6108EE28487F6E1BC842821009FFE8
:2041C0006008532020008B80001082300F1000000922341982F3C63026020F1F00F0A6F237
:2041E00089223419C844C8756DFFE5FD3C0BC842DA008210820137F18110370181148921C0
:2042000038193C013C0109FF54086E0409FF61086E32C842DA018200820137F1011337018E
:20422000011789213819486F6E1BC842820009FF6008532020008B80001082300F100000B0
:204240000922341982F3C63026020F1F00F0A6F289223419C844C8656DFF43FD3C0BC84F62
:20426000DA018200820137F181103701811489F138193C010090404F40F46D002F0082500F
:204280004DC0E1FF16073C013E289110003030F3D933C04F54313C034D00D01F3701E2F058
:2042A0005E1382003C173701E2F0EE13534220F060FF9130003F30F3D93F1436081F1607E0
:2042C0005E1382103C05081F16075E3282203C02825002023C010090822282003C175380F7
:2042E00020F0910000F8D9FF30D010FFD4FF7D4F0D80538020F0910000F8D9FF30D010FFBF
:20430000481F370F68203C04C210BF20EAFF3C010090404F024F40F46DFFE0FF02286E03C7
:204320001E325E4382093C0282195E23821A3C02820ADF1949804DC0E1FF16073C015F8F4B
:2043400028006D00161E022802846D00261D913000CFD9CC143640F46DFFC0FF534220F0B1
:2043600010C2142F37AF02F0342F02846D00341E9110003030F3D933C04F543FB72F82F0AE
:204380009110003030F3D933C04F743F3C1C6D00DC1D022B02B46D00D81C913000FFD9FFC1
:2043A0001436534820F010FF9130002FD9221436534820F01022142F37AF02F034FF02B4E3
:2043C0006D00E31D02923C01009082124DC0E1FF16073C01FF2F0B80538F20F0910000F800
:2043E000D9FF30D010FFD4FF3C02A00F3C017DF4048082023C109110003030434933088AC2
:20440000543F06F4374F9FF09110003030434933088A743F3C010090404FDA0140F46DFF1E
:20442000D6FF262F40F46DFF28FFF626821440F46DFF71FF262F02F23C010090913000FFF3
:20444000D9FF004654FF370F6EF18FFF83813C01911000A7D9AA408F0D0080043B0098F089
:20446000CD4FE00F0D00C0044D00E0FFB70F14F0CD0FE00F0D00C00482117617DA0096013D
:20448000CD4F20090D00C0044DC0E1FF8F7F00213C01913000FFD9FF004653C220F010FF9B
:2044A00054F037006E018FF083313C01913000FFD9FF004653C220F010FF54FF2E1B8F2342
:2044C00020F0960154F0370070088F002100A6F074F08F2320F0960254F0370070088F00BC
:2044E0002100A60F74FF3C0154FF1601DF1FFE7FDA00761382003C028210370F81F0CDCF49
:2045000020090D00C004913000FFD9FF004653C220F010FF54FF2E1B8F2320F0960154F056
:20452000370070088F002100A60F74FF86238F3340F154F0370070088F002100A60F74FF8D
:204540003C0154FF6F0FFF7F0D00C00482114DC0E1FF8F7F00213C01913000FFD9FF004634
:2045600053C220F010FF54F037006E018FF083313C01913000FFD9FF004653C220F010FF9B
:2045800054FF2E1B8F2320F0960154F0370070088F002100A6F074F08F2320F0960254F0EB
:2045A000370070088F002100A60F74FF3C0154FF1601DF1FFE7FDA00761382003C0282109D
:2045C000370F81F0CD0F04090D00C004913000FFD9FF004653C220F010FF54FF2E1B8F230A
:2045E00020F0960154F0370070088F002100A60F74FF86238F3340F154F0370070088F002B
:204600002100A60F74FF3C0154FF6F0FFF7F0D00C004913000FFD9FF004654FF2E1B8F28C3
:2046200020F0960154F0370070088F002100A60F74FF8F2820F0960254F0370070088F0027
:204640002100A60F74FF3C0154FF1601DF1FFE7F910000F8D9FF004080FFCD4FE20F0D00B5
:20466000C00491F000F8D9FF000480FFCD0FE20F0D00C004911000F7D9FF80CF80FFCD8F6A
:20468000E20F0D00C004913000FFD9FF004654FF2E1B8F2820F0960154F0370070088F00FE
:2046A0002100A60F74FF8F2820F0960354F0370070088F002100A60F74FF3C0154FF6F0F78
:2046C000FF7F91000000D900000091000010D911000091000080D988000091000090D99962
:2046E0000000911000F7D9FFC00F91100027D922C001A004802080FFA2F0DA404BF01142FA
:2047000082003C1E80FFB70F1CF08F4F1F1080FFBBF0FF2F0662262F06AFA6F1F606CD81B4
:20472000E30F0D00C0043C0274419AD47E05CDC1E30F0D00C00440F449FF001AC2103F409A
:20474000E3FFDA00744F6D00141C022F02846D00531B02F46D00941B6DFF43F56D00091C63
:20476000913000FF19FF30366F1F12008F2220F09601913000FF19F03036370070088F0096
:204780002100A60F913000FF59FF303686228F2240F1913000FF19F03036370070088F00CE
:2047A0002100A60F913000FF59FF30363C01913000FF19FF30361601DF1FFB7FDA00913000
:2047C00000FF59FF181691000048D94498416D006B169130884F910000F8D9FF70F480F4C6
:2047E0006DFF1CFE911000F8D9FFF639DC0F0090913000FFD9FF0C4654FF370F6EF18FFFA8
:2048000083113C01912000A6D9AA408B0D0080043B0098F0CD4FE00F0D00C0044D00E0FFC6
:20482000B70F14F0CD0FE00F0D00C00482127627DA009601CD4F20090D00C0044DC0E1FF6D
:204840008F7F00313C01913000FFD9FF004653C320F010FF54F037006E018FF083413C015F
:20486000913000FFD9FF004653C320F010FF54FF2E1B8F2420F0960154F0370070088F00AD
:204880002100A6F074F08F2420F0960254F0370070088F002100A60F74FF3C0154FF160130
:2048A000DF1FFE7FDA00762382003C028210370F81F0CDCF20090D00C004913000FFD9FFD3
:2048C000004653C320F010FF54FF2E1B8F2420F0960154F0370070088F002100A60F74FF9C
:2048E00086248F3440F154F0370070088F002100A60F74FF3C0154FF6F0FFF7F0D00C004F2
:2049000082124DC0E1FF8F7F00313C01913000FFD9FF004653C320F010FF54F037006E019D
:204920008FF083413C01913000FFD9FF004653C320F010FF54FF2E1B8F2420F0960154F0AA
:20494000370070088F002100A6F074F08F2420F0960254F0370070088F002100A60F74FFD8
:204960003C0154FF1601DF1FFE7FDA00762382003C028210370F81F0CD0F04090D00C004DF
:20498000913000FFD9FF004653C320F010FF54FF2E1B8F2420F0960154F0370070088F008C
:2049A0002100A60F74FF86248F3440F154F0370070088F002100A60F74FF3C0154FF6F0F37
:2049C000FF7F0D00C004913000FFD9FF0C4654FF2E1B8F2120F0960154F0370070088F0029
:2049E0002100A60F74FF8F2120F0960254F0370070088F002100A60F74FF3C0154FF1601A4
:204A0000DF1FFE7F91F000F8D9FF000680FFCD4FE20F0D00C00491F000F8D9FF000480FF93
:204A2000CD0FE20F0D00C004912000F6D9FF80CB80FFCD8FE20F0D00C004913000FFD9FFD9
:204A40000C4654FF2E1B8F2120F0960154F0370070088F002100A60F74FF86218F3140F1AE
:204A600054F0370070088F002100A60F74FF3C0154FF6F0FFF7F91000000D90000009100E4
:204A80000010D911000091000080D988000091000090D9990000912000F6D9FFC00B91201C
:204AA0000026D922C00DA004802080FFA2F0DA404BF0114282003C1E80FFB70F1CF08F4F00
:204AC0001F1080FFBBF0FF2F0662262F06AFA6F1F606CD81E30F0D00C0043C0274419AD4D8
:204AE0007E05CDC1E30F0D00C00440F449FF001AC2103F40E3FFDA00744F911000F8D9FF0B
:204B0000C659DC0F0090DA000950DA08370F0EF009505C08370F03F809505D08370F81F926
:204B200009505E08370F01FA09505F08370F83FA09506108370F01FE09506008370F03FCE5
:204B40006C45820109506408370103100950650837018111095066083701041409506B089E
:204B60003701011A09506708370103120950680837018113095069083701041609506C084F
:204B80003701811A09506A083701041809506D083701011B09506E083701011C09506F080D
:204BA0003701811C095F70086E0382203C028200095F71086E03DA013C02DA00A6F037015A
:204BC000021D095F720837F1041E095F730837F1811B89411009095F06096C42095F0A0960
:204BE0006C43095F16096C41095F1209744F095F6A086E0A095F6A081E17095F6A081E240F
:204C0000095F0E096C460090F4450090404F405CD4C2D42DF4FD09CF04082CF409CF04086F
:204C2000530F22F010D2D9220002E822C82440C56DFF6BFF820009CF63086E05DA0137F016
:204C400001083C04DA0137F0810809FF0408534F20F010D25920C08109CFF4086E22D4F2F4
:204C600009FF0408BC21534F20F060FF9140003F30F3D93F40483C0109C0760809CFF40807
:204C800014F1370F68F037F108F034FF081F370F82F12CF1083F96022CF3081F96042CF145
:204CA00000902038910000F8D9FF00E049FF000A49A2000AA0D644FF642FFC6E49AF000ACC
:204CC0004942000AA0D644FF642FFC6EF44500906DFF1BFF0090D45FF44F0090404F6D00A8
:204CE0003419022F02F46D00301814F0B700010034F002F46D0049190090404C025809C4A3
:204D000088090CCC3704685002F46D00120309C4880909C44C0802856D003D030CC482209A
:204D20003E0B8230BE018240BE078250BE0D82605F0F23003C29D4CF09C05008084F370F5C
:204D400081F02CF43C22D4CF09C05008084F370F02F22CF43C1AD4CF09C05008085F370F28
:204D600002F02CF53C12D4CF09C05008085F370F81F12CF53C0AD4CF09C05008085F370F17
:204D800081F22CF53C023C010090404C025809C488090CCC3704685002F46D00CA0209C469
:204DA000880909C44C0802856D00F5020CC482203E0B8230BE018240BE078250BE0D826024
:204DC0005F0F23003C29D4CF09C05008084F370F01F02CF43C22D4CF09C05008084F370FAC
:204DE00002F12CF43C1AD4CF09C05008084F370F02F32CF43C12D4CF09C05008085F370F15
:204E000001F12CF53C0AD4CF09C05008085F370F01F22CF53C023C010090404F6D00951800
:204E2000022F02F46D00911791A0003030F3D933C04F5430B700010091A0003030F3D933CB
:204E4000C04F743002F46D00A01800906D009612913000FF39FF3506370F64F24B0F41F184
:204E60004BF251203C013C01009037046800DA084BF00102DA0203F10AF6370F68F0DF1555
:204E8000068082220FF210203C0482120FF210203C010090404F026F82066DFFE8FF6E0498
:204EA000681268223C0268120090404F026F82066DFFDDFF6E04684268523C026842009088
:204EC000404F3B0001606DFFD2FF74F20090404F024F0269820602F46DFFC9FF02283B0012
:204EE00001600BF910486DFFC2FF8F0201F0A6F868680090DA01744F0090804F53042800CC
:204F0000420F60FF3C0148423C010090BC41DA024BF50102534020F053042100600F9140D6
:204F2000003F30F3D93FC06910F23C010090804F53042800420F60FF3C0168550090804FA8
:204F400053042800420F60FF3C0168350090804F53042800420F60FF3C0168450090804F71
:204F600053042800420F60FF3C0168250090804F53042800420F60FF3C01481F375F02F07E
:204F80006CF10090804F53042800420F60FF3C014890DA006CF948BF375F02F06CFB6890E4
:204FA0007663DA013C02DA0037F001F0767382103C028200370F81F06CF90090804F530400
:204FC0002800420F60FF3C01DF15048082103C028200481F370F81F56CF10090404C405FB7
:204FE0008218D4F2F4C2084F2CC4084F3B008000E20FD4F21022911000303023D93D000D12
:2050000089CD880909FF05082CC549DE001A89CE8C0909FF52085E1709F40508821540E4DA
:205020006DFF50FF09F405088215821640E46DFF50FF09F4050809F5500840D46DFFC0FFFE
:2050400009F40508086540D46DFF93FF487F6E08C87409F4600809F561086D00240109FFE8
:2050600054081E1509FF5508DF1F278009F4050809F5560809F6540809F7550840D46DFFF9
:2050800083FFD4F4084409F505086DFF41FF09F0570809FFD8081421370F68F037F108F090
:2050A000342F0C21370F82F12C210C2396022C230C2196042C2109FF52085E1E09F4050848
:2050C000482540D46DFF4DFF09F40508483540D46DFF37FF3C0D09F40508482540D46DFF1A
:2050E00038FF09F40508483540D46DFF22FF09F405088215820640E46DFFCEFE09F40508C2
:205100008215820640E46DFFD2FE09FF53085E1509C48C096DFFF0FE02823C010090F445F4
:20512000DA002C44DA002C45DA146C42DA0A6C43DA01894F1008DA022C46DA00894F1108C7
:20514000DA00894F1208DA01894F1308DA00894F1408DA00894F1508DA02894F1608DA006C
:20516000894F1708DA00AC4CA00FEC47DA80894F2008DA00894F21080090404F024FC834E3
:2051800009F40508821502F66DFF86FEC83409F40508821502F66DFF8AFEC8346DFFACFEEB
:2051A0000090404F024FC83409F40508820502F66DFF72FEC83409F40508820502F66DFF2D
:2051C00076FEC8346DFF98FE0090594400C00090194F08C0370F78F04B0F41F1194004C059
:2051E000370078004B0041014B0F51F06D0006004BF241203C0100906DFF2AFE3C01009099
:20520000404F0B54108840F46DFFE4FF4B8251007B00F8136B0131004B0071814B08611142
:205220006B0131007B00F0134B1001F0370F61F16E02C2186D008916022A02A46D00851540
:20524000DA00BE90DA013E9EDA023E9CDA033E9ADA043E98DA053E96DA06BE91DA07BE9639
:205260003C1C534920F010F2534920F010FF19FF0CC0378F18F0592F0CC03C1019FF24C01F
:20528000378F18F059FF24C03C0919FF28C0378F18F059FF28C03C023C0102A46D00751698
:2052A0000090404F0258481F8FCF1F00481F160F532F2020082F0F2F001082330F230030A7
:2052C00091A0012FD922F04F534020F01022542F82F0C630260F2631A61F742FC82408CFBC
:2052E00009F55008A64502F46D002300C82408C402856D0050000090A00282003C13538015
:2053000020F0910000F8D9FF289110FF481F7E49538020F0910000F8D9FF289110FFD4F254
:20532000C210FFD00480BD02EC7F3C010090404F0B4510A849FC100A82404B0A01828F3AF8
:2053400000F1538F20C09140002FD922000E7D2F15806D00FA15022F02F46D00F61409F03D
:20536000201982110FA1101082F2C621261089F0201902F46D000916534820F010CFDAFF69
:205380000FCF00F00FCB10B002F302B249F240080090404F0B4510886D00D715022A02A447
:2053A0006D00D31449FF001ADA084BF801028F7800F1534F2040534020F010FFDA0F0F4F1C
:2053C00000F00F49109002F3029249F2400802A46D00DB1500902020404CDA084BF40182D6
:2053E0006D00F20E534920F010A2534920F010CF488F742F09CF500816FFC21F4B0F41F12B
:205400004BF25100534920F010AF14FF163FC21F4B0F41F14BF05100534920F010AF14FFB4
:20542000370F62F39211534920F010AF081F160342F1534920F010AF081F370F62F142F1F2
:205440004B0141F14BF051203C01009020080248405F3705E8FB8B0F20F26E01820949A690
:20546000000A028440F56D003900DA0037F9019014AF37F983900CA137F903920CA237F9D0
:2054800083930CA337F903950CA437F983960CA537F90398081FAE63DA003C02DA0137F9AF
:2054A0008199DA0037F9019A14FFAE53DA003C02DA0137F9819ADA0037F9019B09FFC00865
:2054C000370F66F3C2FF370F70F037F9859B3789049E02923C010090406C82088209DA0810
:2054E0004BF40122094F500816FF9210534320F0104F09FF6008163FC21FE2F0534320F0C0
:20550000104F09FF6008370F62F39211534320F0104F09FF6108160342F1534320F0104FB7
:2055200009FF6108370F62F142F173100AA0B025405D820B3C4E534B20F010DF54FFE2AFF7
:205540004B0F61F17B0000044B0F51C0820D820E3C328210532E20F00FF010004B0041F179
:205560004BFC51F07B00F0036B00214F6D000817FF922180532E20F00FF210F04B0F41F17E
:205580004BCF01F016068B0F20F26E09C2F28B0240F3370F689002E8821D3C0FFF820B802F
:2055A0009A12C2FF8B0F40F3370F689002E8821D3C04C21EBF8ECFFFF6D382798278532B73
:2055C00020F010CF2819532B20F010CF34F8C21BBF3BB3FF0090404C405F7641820854CF5A
:2055E0006E016D00F10D3C0109CF500816FFC21F4B0F41F14BF251F03C017B00F8034BF076
:20560000513048103B800040821502463700E81BBA016E037B00F8037B00F8134B01517068
:205620003B0040929B499794024A3C4D4B0A41014B0341004B0751107B00F0236B02211173
:205640004B0131B1DA407FBF05003B0004B03C0973AB0A10FF410400822B3C034EB2821B86
:205660004B0B41114B1041006B07311082024B2101F0AE046B0731003C056B0731F067FFC3
:20568000BF0F4B9001F06F2F1E804B9001F0AE264B9001F0AE036F060580020902A602B5B3
:2056A0006F061180DA004BF001F0AE27DA004BF001F0370F61F06E03DA003C02DA016E0298
:2056C0003C04C2FAFF2AB47F3F5409006F0607006F050580025F026502F6DA024BF6012261
:2056E0009AD2370F4800C2F5370568F037F80680DA024BF601421A52C2FF370F68F037F856
:2057000002838E03020F3C02DA0037F802858E0382323C01370268F037F80284088FAE4344
:20572000DA013C02DA0037F80186088FAE33DA003C02DA0137F88186089F370FE1F237F830
:20574000018702823C0100900248BC416D003C0DDA004BF801F0AE217B0008F44BF841F0AB
:205760004BF251004B0031F14B0F41F16B0F31F07B00F0134B1F01F0AE244B0031F13C04AF
:205780004B0031F1C21F8B1F40134B0161F14BF251F06B0F31F882004B0F01F0AE084B0130
:2057A00061F14BF251F06B0F31583C094B0161F14BF251F06B0F31F867FFBF5F82463C2C5E
:2057C0004B0661F14BF841F04BF251F07B00F0036B0021FF4B0F710173600AF04B0F61F1F6
:2057E0004BF251306B0331F882044B4F01F0AE046B0331383C056B0331F867FFBF3F4B53E0
:2058000001F0AE247603023502013705E8FB6E02F6023C06C2163B801FF07F6FD3FFC2F134
:205820008B0140233C010090FF440B00538420F0910000F8D9FF943110FFD4F23C02A0029C
:205840003C01009082F282003C17538020F0910000F8D9FF943110FFD4FF7D4F0D8053801B
:2058600020F0910000F8D9FF943110FF481F370F48203C04C210BF40EAFF3C010090494F6F
:20588000102A3C0554FFB45FB025C2F4FF14FC7F0090494F102A3C0554FF745FB045C2F49A
:2058A000FF14FC7F0090494F102A3C0554FF345FB015C2F4FF14FC7F0090DA010F4F10F0FF
:2058C000370F70F009410819765737017008A6F0370110183C083701700882F2C6F22620DE
:2058E00037011018766737017000A6F0370110103C083701700082F2C62F26F03701101012
:20590000894108190090DA084BF40102534120F0104F49FF241A3C06095FC00874FFB025A5
:20592000C2F5FF15FB7F0090DA084BF40102534120F0104F49FF241A3C05545F74FFB04589
:20594000C2F5FF15FC7F0090DA084BF40102534120F0104F49FF241A3C05145F74FFB015D8
:20596000C2F5FF15FC7F0090094F4518EE047B1000F03C02DA01CC4D094078080F0F10F016
:205980006CF10090094288093C010090094F4518EE03DA013C037B1000F0CC4D0940780854
:2059A0000F0F10F06CF10090404F405C406D0248D4FE40E46D008F050229DF093680ECE22C
:2059C000084F96012CF4E84CA8A8821089F00718E86DA8E848FF6E05C8F240F42D0200004F
:2059E00009FF49181E1409FF49185E3540F46D0047093C1A09FF4918DE4209E2A80909E4B7
:205A0000A809094FD818C2F837087000370F10F0892F981840F46D0033093C06C8AF09E4F3
:205A200088092D0F000002923C01009082020C44AE04D44F481F6E0282123C010090201027
:205A4000404C405DD4D2D42FF802C8AFF801D4DFF4CF0CC4B70F01F02CC409DF640889CF71
:205A6000081809DF650889CF091809DF260989CF0C1909DF2A0989CF10190CD8370F61F18C
:205A8000D80109F0510837F0010389F0110849DF1C0AF4AF5E1754FFEE05DA0089CF041824
:205AA0003C07CCD7481F370F68F089CF041809C04418DA084BF00182534920F009A48409DC
:205AC000104F029440D56DFF88FD022F6CF809C4441849D5080A4CD109A4840902F56DFF23
:205AE000B7FC022F6CCC821009CF44180FF000008F0001100CD9AE43DA003C02DA0109C48F
:205B000044180F4F10F0D80149FF081A8F000140A640A6F10203021249F2400809CF73084C
:205B2000370F64F28F7F004109A484096DFF55FC4B0231F189CF0A09D4AF54FFEE07A00F2F
:205B4000ECCFA00F89CF80193C46D4FF09F2C80989C2F4090CD9370F61F289CF05180CD8AA
:205B60006F1F2280910000F8D9FFA855ECCF910000F8D9FF8C6589CF801940C46DFF08FF22
:205B8000D4AFD4FF09D5600809DA6108DA80C82408C4A6F56DFFCDFBC82408C402A56DFF71
:205BA000FAFB3C19A00FECCFA00F89CF8019D4A2D42F09D5600809DA6108D422092F500800
:205BC000C82408C4A6F56DFFB4FBC82408C402A56DFFE1FB09DFC808370F66F389CF0618E3
:205BE000910000F8D9FF5666ECCA910000F8D9FF6436ECCBD80209FF46186E119110002F91
:205C000009F00518534920F0D80110FF49FF241A530022F0102280FF592F0C0282023C01E7
:205C20000090404C40C46D000E13A00FECC7DA8089CF2008DA0089CF2108A00FECC7DA00E3
:205C400089CF2008DA0089CF2408DA0289CF250882FF89CF2609DA0089CF2A0900902040A8
:205C6000404C405DCCD5F80F6D006F11022802846D006B1014FFB70F01F034FF09DF580889
:205C80006E03DA003C02DA0114F037F081F134FF02846D007A11820809D4100909A4BC0960
:205CA0006DFF54FD370268F037F80880DA0F37F80485DA0037F8828C09DF59086E03DA0192
:205CC0003C02DA0037F8818DDA0137F8048E68484CD489CF0819820009DFC6086E043BF0B5
:205CE0001FF03C02DA0037F00900820109DFC408EE0409DF66086E0282113710810482017C
:205D000009DFC208EE0409DF66086E0282113710010509DF5B0837F0020809DF5C0837F04A
:205D2000020909DF680837F0020D09DF690837F0020E685009DEA009BD0E3B00D4EFBCFF6E
:205D40000CE409E85508C814088408C5A6F56DFFF0FAC814088402856DFF1DFBCCE2BCFF03
:205D60000CEC09E85508C814088408C5A6F56DFFE0FAC814088402856DFF0DFBCCE4BD0FE8
:205D8000180009EF140809E85508C8140884370F68506DFFCEFAC814088402856DFFFBFA9F
:205DA000D4F2D4F40C4408C0370F03F02C24D80FECCAF4CCDA006CC1A00FECC2910000F86A
:205DC000D9FFA865ECC5910000F8D9FFAC85ECC609DF66086E0C910000F8D9FF0E66ECC791
:205DE000910000F8D9FF0246ECC83C0B910000F8D9FF7826ECC7910000F8D9FF5E26ECC8B4
:205E0000910000F8D9FF00E6ECC909DF6608DF0F8C00DA0189CF061849A4000A9110005F6E
:205E20006DFFF4F649A4040A49A5000A6DFF3BF709DF250889CF051809CF05182CA8DA004E
:205E400089AF2708DA0189AF3408DA0089AF0A09DA0089AF2A08DA0089AF2F08DA00ACAFA5
:205E6000DA0089AF2308D80F49FF241A80FF89AF0E09DA0089AF2D08DA0189AF3008DA003E
:205E800089AF2108DA0089AF2208DA0089AF20080CD889AF3A0809DFC40889AFB80849C414
:205EA000380A49A5040A6DFFB3F609DF240889CF041809CF04182CA8DA0089AF2708DA0123
:205EC00089AF3408D80F49FF102A80FF89AF0A09DA0089AF2A08DA0189AF2F08DA0089AF7B
:205EE0000E09DA0089AF2D08DA0089AF3008DA00ACAFDA0089AF2108DA0089AF2208DA0074
:205F000089AF2308DA0089AF20080CD889AF3A0809DFC20889AFB80849C42C0A49A5040A9D
:205F20006DFF76F63C04DA0089CF0618BBF0FFFFD80F89FF141909CF46186E4509A4BC0959
:205F40006DFF82FC914000FFD9FF1068538221F010FF3C01823009DF2508370F70F014F193
:205F6000370F68F037F108F034FF081F370F82F12CF1083F96022CF3081F96042CF109A4AA
:205F8000BC096DFF61FC914000FFD9FF1068538221F010FFB04F3C01823009DF2408370F16
:205FA00070F014F1370F68F037F108F034FF081F370F82F12CF1083F96022CF3081F9604CF
:205FC0002CF13C6D09DFC4086E2109A4BC096DFF3BFC914000FFD9FF1068538221F010FF8E
:205FE0003C0109D0480809DFC40814F1370F68F037F108F034FF081F370F82F12CF1083F4D
:2060000096022CF3081F96042CF109DFC2086E2209A4BC096DFF18FC914000FFD9FF106897
:20602000538221F010FFB04F3C0109D0480809DFC20814F1370F68F037F108F034FF081F37
:20604000370F82F12CF1083F96022CF3081F96042CF109DFC6086E2309A4BC096DFFF4FB7A
:20606000914000FFD9FF1068538221F010FF49FF080A3C0109D0480809DFC60814F1370F4A
:2060800068F037F108F034FF081F370F82F12CF1083F96022CF3081F96042CF1D80F09FF8D
:2060A0005308960189FF13080090404F405C40F46D001511E85CDA0089FF1808DA0089FFA1
:2060C0001908DA0089FF1A08DA0089FF1B08DA0089FF1C08DA0089FF2808DA0089FF2908EB
:2060E000A002E88282FF89FF240882FF89FF2508DA0089FF2608BB00C2FB9BEFC3F46CF480
:206100000090911000CF094804186DFF3DFC402F530822F010C2392F1E02370F61F18B0F05
:206120002002DF100D80530822F010C2530822F010C4394F1F029604E92F1F023C01DF00A9
:20614000110009FF00196E0609F2801940F42D020000084FB70F01F02CF4D4F46D001A0223
:20616000530822F010CF39FF1E02370FE1F18B0F20F25E1C530822F010CF530822F010C2B2
:20618000392F1F029604E9FF1F023C010090404C40C46DFFF9FB402F9110005F09C10518C0
:2061A00009C6A80949F7100A530122F01052392F1E02370FE1F18B0F2002DF100D80530111
:2061C00022F01052530122F01054394F1F029604E92F1F023C01DF001A00530122F0105FFA
:2061E00039FF1E02370F61F18B0F20F25E1C530122F0105F530122F01052392F1F029604C9
:20620000E9FF1F023C011D00BC0009FF49181E1509FF4918DF3F2580530122F0105F39FF8A
:206220001E02370F61F18B0F20F25E1C530122F0105F530122F01052392F1F029604E9FFD8
:206240001F023C01534120F0105F534120F01052392FC2819602E9FFC2811D00920009FFA2
:206260004918DF4F2480530122F0105F39FF1E02370F61F18B0F20F25E1C530122F0105F2B
:20628000530122F01052392F1F029604E9FF1F023C01534120F0105F534120F01052392F4C
:2062A000C2819602E9FFC2813C6B530122F01052392F1E02370F61F18B0F2002DF100D8011
:2062C000530122F01052530122F01054394F1F029604E92F1F023C01DF00530088AFBF2F1C
:2062E0005000530122F01052530122F01054394F1F029604E92F1F02534120F010525341A6
:2063000020F01054394FC2819602E92FC281547FEE0C48CF8210370F01F0896F201909FF65
:206320000C19896F24193C2C48CF8210370F01F0896F201909FF4618FF9F0A80D47288AF7F
:20634000102F09FF7FF8896F24193C1A09F04618DA103F0F0D8088AFC2FF532F20F0D47FFB
:2063600010FF09FFC008896F24193C0A88AFC2FF534F20F0D47F10FF54FF896F241900909F
:20638000404C09C2A809092FC0188FFF1F813C01BBF0FF0F8920141940C46DFFF5FA402F1D
:2063A000911000DF6F08070009FF4A18960189FF0A186F18070009FF4A18960289FF0A18FA
:2063C0006F28070009FF4A18960489FF0A186F78070009FF4A18968089FF0A186F380700AB
:2063E00009FF4A18960889FF0A186F48070009FF4A18961089FF0A186F58070009FF4A183B
:20640000962089FF0A186F68070009FF4A18964089FF0A18DF08110009FF00196E0609F2CC
:20642000801940F42D020000084FB70F01F02CF4D4F46D00AF0009CF46186E3109C0041894
:20644000530022F010DF39FF1E02370F61F18B0F20F25E1C530022F010DF530022F010D237
:20646000392F1F029604E9FF1F023C0109C00518530022F010DF39FF1E02370F61F18B0FEF
:2064800020F25E1C530022F010DF530022F010D2392F1F029604E9FF1F023C010090404F4D
:2064A00040F46DFF71FA0925AC0940242D050000484FC21F6CF40090404F40F46DFF64FA63
:2064C0000925A80940242D050000483FC21F6CF30090DA01494F0408EE0382023C0282122A
:2064E0003C010090404FD4F2D4220924A80949FC180A094F4218370FE3013C0188EF0B0F95
:2065000080F1370F508054CFEE0A82003C05094110293C01C2103F80FC7F3C2609F0461891
:20652000FF900B80D4C502846DFFBFF9D4C201280026F4C23C1909F04618DA103F0F0C80F3
:20654000D4C502846DFF9DF9532820F0D4C21022F4C23C0AD4C502846DFF9DF9534820F0FF
:20656000D4C21022F4C288EFA28FACFE88EFEE1009FF00196E0609F2801940F42D0200004A
:20658000084FB70F01F02CF4D4F46D0003000090DA006C4100902008404F49FD100AD4F211
:2065A000D42C09CF4618DF0F7E02911000EF09C4A809F4A46DFF48F9538221F03C0109C8F0
:2065C000051809C904184DC0E2FF370FE1F78B0F20A23C010D00400300003C0188AFBF2F59
:2065E000E50088AF92F0530822F010E2530822F010E4B94F140237007000370F0EF0F92F0C
:20660000140209FF4618FF9F10808200530822F010E2530822F010E4394F1602370F83F233
:20662000E92F16023C2109F04618DA103F0F10808210530822F010E2530822F010E4394FD4
:206640001602370F83F2E92F16023C0E8220530822F010E2530822F010E4394F1602370FA5
:2066600083F2E92F160254DFEE4049F20C1A802FB70F1C007B0000FDFE014DC0E1FF1607A1
:206680003C0149F20C1A8020B7000C0AB770030E7B000011E21FA2F03C0449F20C1A802057
:2066A000530822F010E259200802820082118222530822F010E219231002370303303713DB
:2066C000813137230434530822F010E259231002530822F010E2530822F010E4394F12022D
:2066E0009610E92F12023C3A54DFB70F1C007B0000FD7E0F4DC0E1FF16073C0154D0B70016
:206700000C0AB770030E7B000011E21FA2F03C0254D0530822F010E25920080282008211B3
:206720008202530822F010E219231002370303303713813137230434530822F010E2592352
:206740001002530822F010E2530822F010E4394F1202B70F01F2E92F1202D4A24922241AC7
:20676000530822F010E4802F594F0C02820082118202530822F010E219231002370303329E
:206780003713813337230436530822F010E259231002530822F010E2530822F010E4394F32
:2067A0001F029604E92F1F0288A0530922F010E2530922F010E4B94F140237007000370FF0
:2067C0000EF0F92F140209FF4618FF9F10808200530922F010E2530922F010E4394F160205
:2067E000370F83F2E92F16023C2109F04618DA103F0F10808210530922F010E2530922F0D2
:2068000010E4394F1602370F83F2E92F16023C0E8220530922F010E2530922F010E4394FC3
:206820001602370F83F2E92F1602486FEE4049F2101A802FB70F1C007B0000FDFE014DC0F6
:20684000E1FF16073C0149F2101A8020B7000C0AB770030E7B000011E21FA2F03C0449F25A
:20686000101A8020530922F010E259200C02820082118222530922F010E2192310023703C6
:2068800003323713813337230436530922F010E259231002530922F010E2530922F010E481
:2068A000394F12029620E92F12023C3B486FB70F1C007B0000FDFE004DC0E1FF8F7F0001D8
:2068C0003C01486FB70F0CFAB77F031E7B0000F1E2F0A2013C024861530922F010E25921FF
:2068E0000C02820082118202530922F010E2192310023703033237138133372304365309E6
:2069000022F010E259231002530922F010E2530922F010E4394F1202B70F81F2E92F120222
:20692000530922F010E2530922F010E4394F1F029604E92F1F02BBF0FFFFD4A4894F1419F3
:206940006DFF82F79140002FD9221068538221F010223C010C2396022C23D4A46DFF74F725
:206960009140002FD9221068538221F01022B0423C010C2396022C23D4A46DFF65F7914036
:20698000002FD9221068538221F010224922080A3C010C2396022C23530922F010E25309B1
:2069A00022F010E4394F1F029604E92F1F02534920F010E2534920F010E4394FC2819601B5
:2069C000E92FC28188AFBF2F2B00530822F010E2530822F010E4394F1F029604E92F1F02D0
:2069E000534820F010E2534820F010E4394FC2819601E92FC28109FF4818EE0948CF8200A6
:206A0000370F01F0D4AF89FF20193C0848CF8210370F01F0D4AF89FF20193C3F54DFEE0EE9
:206A200048CF8210370F01F0D4A2892F201909FF0C19D4AF89FF24193C3048CF8210370F3F
:206A400001F0D4A2892F201909FF4618FF9F0B80D4D288AF102F09FF7FF8D4AF89FF24196C
:206A60003C1C09F04618DA103F0F0E8088AFC2FF532F20F0D4DF10FF09FFC008D4AF89FF7A
:206A800024193C0B88AFC2FF534F20F0D4DF10FF54FFD4AF89FF241976A30D0000031D0025
:206AA000EE0088AFBF1FEB00D4F2D422092CA80909FF7308370F644209CF421816073C014B
:206AC0008B4F000109FF47185E12C2F088AF7E02C2F088AF0B0F80F1370F5080BF18CF006B
:206AE00088AF5280A8A088AFEE0382113C02820109FF4718DE11BF28100088AF6E0D4DC0BD
:206B0000E20F3700E1078B0020923C010D00400300003C013C084DC0E20F3700E1078B0072
:206B200020923C0109FF4718DE14820089F0071809FF4818EE0848CF8200370F01F089CF6D
:206B400020193C0748CF8210370F01F089CF201954DFEE1E09F00C19DF01130082013C0435
:206B600089C02419C2119AF83FF1FC7F48CF8211371F01F089CF201989C024193C08DA0059
:206B80003C0489C02419C21F3F8FFD7F3C7409FF4618FF9F2480DF011800BF280800D4D51C
:206BA0009AF840C402F56DFFD1F648CF8210370F01F089CF2019D4DF01F800F609FF7FF883
:206BC00089CF24193C06D4D540C402856DFFBEF6D4DF01F800F6F4DF3C4E09F04618DA104A
:206BE0003F0F2780DF011A00BF280800D4D59AF840C402F56DFF89F648CF8210370F01F0B6
:206C000089CF2019C2F8532820F0D4DF10FF09FFC00889CF24193C0BD4D540C402856DFF90
:206C200074F6532820F0D4DF10FFF4DF3C24DF011900BF280800D4D59AF840C402F56DFFE0
:206C400075F648CF8210370F01F089CF2019C2F8534820F0D4DF10FF54FF89CF24193C0B02
:206C6000D4D540C402856DFF61F6534820F0D4DF10FFF4DF76930D00000300902008404D7F
:206C800049DF100AD4D2D42C8CDA82404B0F0102F6188CDA82404B0F0102370068F03C0821
:206CA0008CDA82404B0F0102370068F0C21F370F688009DF49189E4B8CDA3B0001004B0F83
:206CC0000102F6198CDA3B0001004B0F0102370068F03C098CDA3B0001004B0F0102370099
:206CE00068F0C21F42F8C2F83708688009CF4618DF0F2102911000EF09C4A809F4A46DFFE7
:206D0000A3F5538221F03C0109C9051809CA04184DC0E2FF370FE1F78B0F20B23C010D0018
:206D2000400300003C01530922F010E2530922F010E4B940140237800E00F920140282206C
:206D4000530922F010E2530922F010E4394F1602370F83F2E92F160254FFB70F1C007B0036
:206D600000FD7E0F4DC0E1FF16073C0154F0B7000C0AB770030E7B000011E21FA2F03C029C
:206D800054F0530922F010EF59F00802820082118202530922F010EF19F31002370303305E
:206DA0003713813137230434530922F010EF59F31002530922F010EF530922F010E2392F45
:206DC0001202B70F01F2E9FF120209DF49189E4DD4AF49FF1C1A530922F010E280FF592F4E
:206DE0000C02820082118202530922F010EF19F31002370303323713813337230436530904
:206E000022F010EF59F31002530922F010EF530922F010E2392F1F029604E9FF1F028CDAA4
:206E200082404B0F0102F6188CDA82404B0F0102370068003C088CDA82404B0F0102370001
:206E40006800C210530A22F010EF530A22F010E2B92F140237007000370F0EF0F9FF140232
:206E60008220530A22F010EF530A22F010E2392F1602370F83F2E9FF16024CD6EE4049DFEE
:206E8000101A80FFB70F1C007B0000FDFE014DC0E1FF16073C0149DF101A80F0B7000C0A1A
:206EA000B770030E7B000011E21FA2F03C0449DF101A80F0530A22F010EF59F00C02820032
:206EC00082118222530A22F010EF19F31002370303323713813337230436530A22F010EF80
:206EE00059F31002530A22F010EF530A22F010E2392F12029620E9FF12023C3C4CD6B70FD7
:206F00001C007B0000FDFE004DC0E1FF8F7F00013C014CD6B70F0CFAB77F031E7B0000F1F5
:206F2000E2F0A2013C0309D11809530A22F010EF59F10C02820082118202530A22F010EFD5
:206F400019F31002370303323713813337230436530A22F010EF59F31002530A22F010EFD8
:206F6000530A22F010E2392F1202B70F81F2E9FF1202530A22F010EF530A22F010E2392FC8
:206F80001F029604E9FF1F02BBF0FFFFD4A4894F14196DFF59F4914000FFD9FF1068538259
:206FA00021F010FF3C01083F96022CF3D4A46DFF4BF4914000FFD9FF1068538221F010FF3E
:206FC000B04F3C01083F96022CF3D4A46DFF3CF4914000FFD9FF1068538221F010FF49FF06
:206FE000080A3C01083F96022CF3530A22F010EF530A22F010E2392F1F029604E9FF1F0249
:20700000534A20F010EF534A20F010E2392FC2819601E9FFC28109DF4918DF3F308009D0C8
:207020009408DA103FF00A0009D0F208DA0F37F085F389DFB2083C0B09D0F2088CDAC2FFD3
:20704000370F70F037F085F389DFB20809D09408DA103FF0090009DF7008B70F01F089DFB3
:2070600030083C0609DF7008960189DF300809DF7208964089DF32083C3709DF4918DF1F6B
:20708000248009D09408DA103FF00A0009D0F208DA0F37F085F389DFB2083C0B09D0F2081D
:2070A0008CDAC2FF370F70F037F085F389DFB20809DF7008960189DF300809DF7208964073
:2070C00089DF32083C1109DF7008960189DF300809DF7208964089DF320809DFF208B70FA8
:2070E00085F389DFB208530922F010EF530922F010E2392F1F029604E9FF1F02534920F051
:2071000010EF534920F010E2392FC2819601E9FFC28109DF49181E464CDCD4AF89FF1C1950
:207120003C054CDCD4AF89FF201976B30D0000033C010090913000FFD9FF300654F8370843
:2071400064F0EE0382023C096D003E00370864F04B0F41F14BF251203C010090913000FF1C
:20716000D9FF300654F8370864F2EE0382023C096D002A00370864F24B0F41F14BF2512000
:207180003C01009002486D0050018200DA003E84DA013E873C0B913000FF19F000263C08E2
:2071A000913000FF19F004263C0382023C0176094B0061F17B0028044B0F51F04BF24120E0
:2071C0003C0100906D00DA00913000FF39FF3106370F6402DA003E0CDA01BE0BDA02BE0E50
:2071E000DA035F0F2100DA045F0F23003C26913000FF39FF0C16160FEE023C0A913000FF1D
:2072000039FF0C16160F4B0F41F14BF251203C177B0017F44BF251203C127B001FF44BF215
:2072200051203C0D7B0027F44BF251203C087B002FF44BF251203C0382023C013C010090F3
:20724000910000F6D9FF000054FF4B0F61213C010090913000FF39FF3706370F62F2EE0610
:20726000BB00C22B9BE2CB243C11913000FF39FF3706370F62F25E19910000F6D9FF000008
:2072800054FF4B0F61213C0282023C010090913000FFD9FF00066DFFDEFF09FF64081601BE
:2072A0005E1A09FF6E08167FC21F4B0F41F14BF251203C2409FF6408370FE1F15E1EBB0005
:2072C000C20B9BE0CB0409FF6C08167FC21F4B0F41F14BF051203C1209FF6908370FE5F08B
:2072E000C21F4B0F41F14BF2410009FF6C08167FC21F4B0F41F14BF051203C0100909130EB
:2073000000FFD9FF00066DFFA6FF09FF540816015E1A09FF5E08167FC21F4B0F41F14BF2DF
:2073200051203C2909FF5408370FE1F15E1EBB00C20B9BE0CB0409FF5C08167FC21F4B0F71
:2073400041F14BF051203C1709FF5908370FE7F0C21F4B0F41F14BF2411009FF5C08167F7A
:20736000921009FF5B08160FC21FE2F04B0041F14BF151203C010090913000FF39FF330600
:20738000370F62F282003E0482103E083C0ABB00C22B9BE2CB243C013C066DFFB2FF3C0382
:2073A00082023C013C0100906DFFE8FF913000FF39FF3106370F6402DA003E0CDA01BE0C48
:2073C000DA02BE0FDA035F0F2200DA045F0F24003C27913000FF39FF3206160FEE038202FA
:2073E0003C0A913000FF39FF3206160F4B0F41F14BF251203C177B001FF44BF251203C12DB
:207400007B0027F44BF251203C0D7B002FF44BF251203C087B0037F44BF251203C03820238
:207420003C013C0100906DFFA9FF913000FF39FF3106370F6402DA003E0CDA01BE0CDA02AE
:20744000BE0FDA035F0F2200DA045F0F24003C27913000FF39FF3106160FEE0382023C0A10
:20746000913000FF39FF3106160F4B0F41F14BF251203C177B001FF44BF251203C127B0026
:2074800027F44BF251203C0D7B002FF44BF251203C087B0037F44BF251203C0382023C01F6
:2074A0003C010090404F820891000026D922000009FF0819742F6D00480502296D005905B8
:2074C000022A02946D0041049130002F392F3046370FE1B19130002F392F30469608913065
:2074E000002FE92F304602946D004F0502A46D0054043C019130002F392F3306370FE1F325
:20750000EEFA9130002F392F3306B70F02F29130002FE92F33069130002F392F3306964090
:207520009130002FE92F33069130002F392F180696109130002FE92F18063C019130002F9B
:20754000392F3306370FE1F3EEFA9130002F392F3706B71F02F29130002FE92F3706913023
:20756000002F392F370696409130002FE92F37066D00B001A62802A46D002E05DF087E8104
:2075800002A46D000A043C019130002F392F1406370FE1F26EFA9130002F39201C0608AF78
:2075A00037F007F09130002FE92F1C069130002F39201B06088F37F004F09130002FE92F5F
:2075C0001B069130002F39201906089F37F087F09130002FE92F19069130002F392F180640
:2075E00096409130002FE92F18069130002F392F1A06B70F01F09130002FE92F1A06913077
:20760000002F392F180696209130002FE92F18069130002F392F1A0696019130002FE92FC2
:207620001A069130002F392F1A0696049130002FE92F1A06BB70714B9B1485436D00A7017D
:207640003C019130002F392F1406370F61F16EFA9130002F392F1806B70F01F09130002F5E
:20766000E92F18063C019130002F392F3306370FE1F3EEFA9130002F392F3306B71F02F2A9
:207680009130002FE92F33063C019130002F392F3306370FE1F3EEFA48346D0078019130B6
:2076A000002F19203006485F82F1C61F26F0485F4841261FA6F0DA0137F0020EDA0137F0F8
:2076C000010F9130002FD922300674203C019130002F392F3706370FE1F3EEFA9130002F21
:2076E00019203406487F82F1C61F26F0487F4861261FA6F0DA0137F0020EDA0137F0010F73
:207700009130002FD922340674203C019130002F392F0316370FE1F3EEFA9130002F1920D7
:207720000016489F82F1C61F26F0489F4881261FA6F0DA0137F0010F9130002FD922001640
:2077400074203C019130002F392F0F16370FE1F3EEFA9130002F19200C1648BF82F1C61F2F
:2077600026F048BF48A1261FA6F0DA0137F0010F9130002FD9220C1674209130002F19204C
:20778000002648DF82F1C61F26F048DF48C1261FA6F09130002FD922002674209130002F8E
:2077A0001920042648FF82F1C61F26F048FF48E1261FA6F09130002FD9220426742002A417
:2077C0006D000A049100802F192F140209F0041982F1C610260F09F0041982F1C610260F68
:2077E00009F0041909F100192610A60F02946D00AC029100802FD9221402742F02946D00CD
:20780000C403820C3C3702A46D00C7023C019130002F392F1406370FE1F26EFA9130002FA4
:2078200039201C0653CC20F0C8121022142F37F007F09130002FE92F1C0602A46D00CC0325
:2078400053CC20F0C81210224C226E0953CC20F0C8121022092288092D02000053CC20F0B3
:20786000C8121022092402096D009100C21C370C68C014FF3FFCC9FF02A46D008E02913003
:2078800000FF39FF1806B70F01F3913000FFE9FF180602A46D00A00302946D005602913041
:2078A00000FF39FF2C469608913000FFE9FF2C46913000FF39FF304637BF81F1913000FFD1
:2078C000E9FF304602946D00600302823C0100903B00288082096D003803022A913000FF91
:2078E00039F01006B7008202913000FFE9F01006913000FF39F01206910000F6D9FF0000FF
:2079000054F13B005AF29B6F02F04BF111229AF2370F68F037F005F0913000FFE9FF12062A
:20792000913000FF39FF10069604913000FFE9FF10063C05C2F8F68382193C0D913000FFC9
:2079400039FF10066F1FF87F913000FF39FF11066F0FF27F02A46D00F801913000FF39FFD2
:207960002C469608913000FFE9FF2C46913000FF39FF30469608913000FFE9FF304602A40D
:207980006D00030302923C01009002486DFFF6FC913000FF39FF3506160F4B0F41F14BF24A
:2079A00051F03C014B8F41F04B0F71F185F110003C0185F01000A2103FF0FDFF0090DA01F2
:2079C0008B0401000F0F10F0913000FF59FF248600908FF43F006F041500913000FFD9FFC5
:2079E0001086534020F010F2913000FFD9FF1086534020F010FF083F375F03F22C233C13FC
:207A0000913000FFD9FF1086534020F010F2913000FFD9FF1086534020F010FF081F375FF6
:207A200003F22C2100908FF43F006F041500913000FFD9FF1086534020F010F2913000FF97
:207A4000D9FF1086534020F010FF083FB70F01F02C233C13913000FFD9FF1086534020F099
:207A600010F2913000FFD9FF1086534020F010FF081FB70F01F02C2100908FF43F006F0434
:207A80001500913000FFD9FF1086534020F010F2913000FFD9FF1086534020F010FF083FD7
:207AA000B70F81F02C233C13913000FFD9FF1086534020F010F2913000FFD9FF108653405D
:207AC00020F010FF081FB70F81F02C2100908FF43F006F041400913000FFD9FF1086534042
:207AE00020F010F2913000FFD9FF1086534020F010FF083F96012C233C12913000FFD9FF81
:207B00001086534020F010F2913000FFD9FF1086534020F010FF081F96012C2100908FF42C
:207B20003F006F041400913000FFD9FF2C86534020F010F2913000FFD9FF2C86534020F0A3
:207B400010FF083F96202C233C12913000FFD9FF2C86534020F010F2913000FFD9FF2C8643
:207B6000534020F010FF081F96202C2100908FF43F006F041400913000FFD9FF108653408F
:207B800020F010F2913000FFD9FF1086534020F010FF083F96022C233C12913000FFD9FFDF
:207BA0001086534020F010F2913000FFD9FF1086534020F010FF081F96022C2100908FF48B
:207BC0003F006F041400913000FFD9FF1086534020F010F2913000FFD9FF1086534020F03B
:207BE00010FF083F96082C233C12913000FFD9FF1086534020F010F2913000FFD9FF1086F3
:207C0000534020F010FF081F96082C210090DA010F4F00F0913000FF19F0208626F07603E9
:207C200082123C0282023C0100908FF43F006F041500913000FFD9FF1086534020F010F204
:207C4000913000FFD9FF1086534020F010FF082F375F03F22C223C13913000FFD9FF1086B7
:207C6000534020F010FF9130002FD9221086534020F01022142F375F03F234FF00906F04F8
:207C80001F008B05011082100F10100086F4913000FFD9FF2C86534420F010FF9130002FF9
:207CA000D9222C86534420F01022542F82F2C620260F0F160060A66F74FF3C1B82100F50D7
:207CC000100086F4913000FFD9FF2C86534420F010FF9130002FD9222C86534420F01022A4
:207CE000542F82F1C610260F0F560060A66F74FF00908FF43F006F041500913000FFD9FFC4
:207D00002C86534020F010F2913000FFD9FF2C86534020F010FF083F375F02F32C233C13A0
:207D2000913000FFD9FF2C86534020F010F2913000FFD9FF2C86534020F010FF081F375F9B
:207D400002F32C2100904DC0E1FF16073C0153CF20F060FF9130003F30F3D93F004654FFA5
:207D60002E1B8F2420F0960154F0370070088F002100A60F74FF86248F2440F154F037008C
:207D800070088F002100A60F74FF3C0154FF1601DF1FFE7F0090913000FF19FF30366F1F15
:207DA00012008F2420F09601913000FF19F03036370070088F002100A60F913000FF59FFFC
:207DC000303686248F2440F1913000FF19F03036370070088F002100A60F913000FF59FF54
:207DE00030363C01913000FF19FF30361601DF1FFB7F00904DC0E1FF16073C01913000FF7C
:207E0000D9FF004653CF20F010FF54FF2E1B8F2420F0960154F0370070088F002100A60FB5
:207E200074FF8F2420F0960254F0370070088F002100A60F74FF3C0154FF1601DF1FFE7F87
:207E4000084F96082CF454FF2E1B8F2420F0960154F0370070088F002100A60F74FF8624A2
:207E60008F3440F154F0370070088F002100A60F74FF3C0154FF6F0FFF7F0090913000FF67
:207E800019FF30366F1F12008F2420F09601913000FF19F03036370070088F002100A60F27
:207EA000913000FF59FF30368F2420F09602913000FF19F03036370070088F002100A60FA6
:207EC000913000FF59FF30363C01913000FF19FF30361601DF1FFB7F913000FF39FF3436B8
:207EE0009608913000FFE9FF3436913000FF19FF30366F1F12008F2420F09601913000FFDA
:207F000019F03036370070088F002100A60F913000FF59FF303686248F3440F1913000FF02
:207F200019F03036370070088F002100A60F913000FF59FF30363C01913000FF19FF3036C5
:207F40006F0FFC7F00904DC0E1FF16073C0153CF20F060FF9130003F30F3D93F004654FFEC
:207F6000370F6EF18FFF83213C013C010090913000FFD9FF303654FF370F6EF18FFF8321F8
:207F80003C013C0100904DC0E1FF16073C0153CF20F060FF9130003F30F3D93F004654FF2B
:207FA0002E1B8F2420F0960154F0370070088F002100A60F74FF86248F3440F154F037003A
:207FC00070088F002100A60F74FF3C0154FF6F0FFF7F0090913000FF19FF30366F1F120057
:207FE0008F2420F09601913000FF19F03036370070088F002100A60F913000FF59FF303666
:2080000086248F3440F1913000FF19F03036370070088F002100A60F913000FF59FF303601
:208020003C01913000FF19FF30366F0FFC7F0090F647094F40189601894F00183C08DF1491
:208040000780094F40189604894F00180090F647094F7C089601894F3C083C08DF14078045
:20806000094F7C089610894F3C080090FF240B00538420F0910000F8D9FF90A110FFD4F256
:208080003C02A0023C01009082F282003C17538020F0910000F8D9FF90A110FFD4FF7D4FC7
:2080A0000D80538020F0910000F8D9FF90A110FF481F370F48203C04C210BF20EAFF3C0183
:2080C0000090404C405F09C0380909C13C0914FFEE0C083F37F00500082F37F00504081FBE
:2080E00037F1011182183C0F14FF5E1C083F37F00508082F37F0050C081F37F101138218ED
:208100003C02820889C13C0989C0380940C46DFFBDFF09FFC8086E26081FEE099140002FC8
:20812000D9225028538220F010223C099140002FD9225028538220F01022B04208A009FF44
:20814000C8081421370F68F037F108F0342F0C21370F82F12C210C2396022C230C219604E9
:208160002C2108264CC4820102F009C32C0982020F20A0400F31A0503C016DFF71D73C010D
:2081800014FF534F20F010C28922300914F440C46DFF50FF14F440C46DFF5BFF08264CC48D
:2081A000820102F009C32C0982020F20A0400F31A0503C016DFF54D73C0114FF534F20F0B0
:2081C00010C2481F42F28922300902823C010090025FC234B7040200370050808BC801008E
:2081E0008B8000406D00CA1ABC2640240B8F10486D0004003C010090C234B70402F0370F84
:208200005000DA00894F1808DA01894F1908804F8BCF01F0C27FB70F03F0744FDA00AC42C9
:20822000DA00AC47DA00894F0A09894F0609DA00AC49AC48894094088945960840423C0172
:208240000090F445DA006C410C4896012C480C4896022C480C48B70F01F12C480C48B70F75
:2082600081F12C480C48B70F01F22C480C4896202C480940C808DA0837F006F3AC440C49B9
:20828000B70F01F22C49DA00894F0E09DA00894F1209DA00894F0A090C49B70F81F22C4952
:2082A0000C49B70F01F32C49094F5808B70F01F0894F1808094F5808B70F81F0894F1808EC
:2082C000094F5808B70F01F1894F1808094F5808B70F81F1894F18080090DA00344FDA0087
:2082E000AC41DA00AC42DA00AC43DA002C48DA00AC45A00FEC43DA006C4400908F841EF0CE
:208300008F0F0801B70408FC3704E81BB71F812BDA7F7FF1048082020090DA967F1F048044
:2083200082023C068B6109F1325F0FF2002037024820760432523702482000908F841EF0EE
:208340008F0F0801B70408FC3704E81BB71F812BDA7F7FF1048082020090DA967F1F048004
:2083600082023C068B6109F1325F0FF200203702502076043252370250200090B70408FC00
:208380003704E80BB71F811BDA7F3FF00580DA967F0F0480820200908B6009F1325F0FF124
:2083A0000010370168200090B70408FC3704E80BB71F814BDA7F7FF00480D2020090DA96AE
:2083C0007FF0078082058B6009611DFF49D682058BA016601DFF45D6B70408FC3704E80B44
:2083E000B71F811BDA7F3FF00580DA967F0F0480820200908B6009F1325F0FF100103701AA
:20840000702000908B0420F28B0500F5EE0A7B0008008203B700892B8F7301F0A6F2009090
:2084200082029B02F02FBBF0FF3F9BF3FF3F0F2480000F358010BA008B0100F4EE4C3B70A1
:2084400001800B451068BB00FF1F9BF1FF1F8F0400012651BA008B0100F4EE2182019BF1ED
:20846000FF1F8F0400012651BA008B0100F4EE098F751E107745804302153B0003803C0FD1
:208480008F351F107745804902153B4002803C078FF51F107745804F0215C2180F2480002B
:2084A0000F3580108B0020F28B0100F5EEF202490B6710A8D2148B881E606DFFD2D50F2AB2
:2084C00080000F3B8010BA008B0100F4EE2B3B0008703C293B600930BB00000F9BF00F009F
:2084E00026408F0500118B0020F28B0100F5EE073BA00830774500568FC4004082009B0089
:20850000080082013C05C2F37745805006140B0430F10B1500F20B15A0F2EEF602401DFFFE
:208520007BFF82078BF29F008BF3BF1026A026B1BA008B0100F4EE038F0744718BF80760D2
:20854000820402951D00671E3BD03CF19B4FEDF34BF401F02E031D00ED1E7B00F803BBA000
:2085600027F89BAF01F44BF401F02E2C3BB0FDF09B9FFCF34B4051406D00DC1E6B02312FC2
:2085800000906B0031F46B0021044B0F51406D00D11E3BB0FDF09B9FF4F36B0F212200909E
:2085A00091100048D94440C41D0002008208404F8209820A820BC81CC82D483C09FF10015F
:2085C000DF1F238080CF160180D08F100001FE046E04C2FC04DF24CF76CF8F3C00018FEC10
:2085E0001FF06E0902F140D2C2F16014442164C1FC4E90DD020CDF0CE07FC2FC60C204DF6D
:2086000024CFFC2E3CD9DE2580CF2E03C2FC24C9DF0CD37F8F3C00F106EC76C5C2FC60C2F4
:2086200064CAFC2F6EC9C2FF60F224CBFC2F3CC48F0F1F00DF002E008F3F0001DF102B804A
:2086400080CF8F3F00D180DF1603FEDB76DB02D440C440D56D00100701CD00C601DD00D6CF
:20866000A2DC76CF8F3C00018FEC1FF06E0902F140D2C2F16014442164C1FC4E90DD020CEF
:20868000DF0C9B7F02C440C440D56D00F5063C9400901603DF2F91FF80CF16036E0702F4A4
:2086A00040C46D00D20610CCA2FCDF0C867F8F3C004106EC76C5C2FC60C264C8FC2FDF04B4
:2086C0007C7F40C46D00C1061DFF77FF0090205089A4380989A62C0989A73409DA01A00F0C
:2086E000820909AA1019780C89A9081989A9280902A089A90019B70089FBF80678113700F3
:20870000E8FB78080258404C029D405D8BFF0FC27B00F8B376C658116E04029C09AD3009AF
:208720005808BA0F7813F68A3B700600580B3E043B7004007E0382183C23580D6F5F2180B2
:208740003B100600580B3E043B100400FE095811EE0382083C1582788F3F000082013C060B
:20876000C2F88FC31F107723000E0B011028FBF0000026202631BA008B0100F4EEF2DA0056
:20878000780F02A46D0035087625DA2D780F67AABFAFEE0E580D8F8F0101DA087E03DA2B71
:2087A0003C068B000102580FAB0FA2F0780F09A00019AA1089A00019DF0D1600580B9100FB
:2087C00000F8D9FF3C5210FF081F2E37910000F8D9FF2C52F8063C1B910000F8D9FF305289
:2087E000F8063C15DF0C1D00580B910000F8D9FF3C5210FF081F2E36910000F8D9FF34524F
:208800003C05910000F8D9FF3852F8065810BB90FF0F9239580D260F780D1D008C013B108E
:208820000600580B3E053B1004005F0F27805808AB1F18FF780858109230F683580D2E220F
:20884000C210428058083BC0F91FC2207FF106003B4006103F1F0400DA033C0A3B60FF1FEA
:208860007FF106003BA000103F1F0400DA02780C580C12091D005F01580849AF0A0A6E758A
:2088800049A4140A02A46D009F1909AC1409022A370CE8FB82006E55BBF028EC49AE130AC6
:2088A0007B0012D49B5ECFE33C3F49A20A0A7D2E0C8049AF120A49AE130AA07209F03FF495
:2088C00089E03FF4FC2CBBD0CC0C58059BC0DC0349A4140A4B0F41406D00761989A20609BE
:2088E000DF0914806B0E21F24BDB41B04BDF41406DFF06FD762A4BBC514049A4140A821961
:208900006D00621989A2060909AF06096B0E21FF4BDF41406DFFF4FC8B0203F089EF3FF4A3
:20892000580AC21F780A5805370FE8FBEEBF3C0304EF24FF49A2130A012E20F4EEFA3C1566
:208940004B0A01F06F2F12007B0012043C064B0A41A0580AC2FF780A4B0A41F089AF0609A6
:208960004BBF01F06F0FF5FF3B600610580B028082093E143B6004107E13580A12803B5058
:208980000610580B3E143B5004107E12C210CE03DA003C038B7000F310A2492E0A0A3C11A9
:2089A0007B0012F449A4060A4BFA41406D000C19022A09A406096DFFA3FC8B0203F024FF4B
:2089C00001FE20F4EE0649A2130A012F20F4EEE909EF000840EFC25F3C0A49AF0A0A01EFDB
:2089E00030F4EE0740EF09EF3FF4C21F34EF3C08DA3134EF49EF010A580AC21F780A09E09D
:208A00000008DA393F0FEB7F89F93FF049A20A0A012F20F4EE0609F00008DA305F0FF67FAD
:208A20003B500600580BBE013B5004003E0E3B6006005F0F3C003B6004005F0F3800580AB6
:208A40003FF80400FFDF330058103B50062049AF0A0A9210580B09A10A083E243B500420D3
:208A60007E2C761349AF0B0A14FFEE04580DAE227682C21042803C17028276158BF81F20CC
:208A800049AF0B0A14FFEE03580D2E22C21082013C0814FFEE03580D2E23C210B01FC21149
:208AA0003F21F97F8B4000903C453B600600580B3E043B6004007E0F09A02809FA10AB10F1
:208AC000A09F581042F9F684580D6F2F34001A8992193C300280580A49AF0A0A4EF45810AF
:208AE00092193C0D09A1280958101219021F14F17612B01FABF01F00C2FFEEFA14FF6E02B1
:208B0000F604580D6F2F1700580AC219325F3C04C2FFC219C2F07607FF1FFC7F3C04C219B4
:208B2000B01FC2F0760314FFEEFB580D16042B09009F580F6E0D580D16036E0A61FF4DD395
:208B400009A43C0940C46D005304DA00780FD806BD0F1A803B100600580B3E043B10040071
:208B6000FE02580D16036E0F54DFC22F61FF22D36D003E04580B40C48B7F01406D00380477
:208B8000DA017812580D6F0F1680580EA29F3C0F61FF23D3580D40C416028B0F20F2864FAD
:208BA0008B0F02406D002404580EC2FF780EFF1FF17F580F6E0861FF10D309A43C0940C4F3
:208BC0006D001604D806BCFA40F440C56D001F0454DFC23F74DF1D008A013B100600580BCE
:208BE0003E053B1004005F0F9F808F28200058138B7001018B1F03A1BF1022008201DA1764
:208C00007FF00800821258110F021020262F6E02821182F2C2F00F0200F0C6F2F6145811F5
:208C2000262F6E045811A62F78115811C21F7811EF7F0600DA0078113B2003A05812EE0D99
:208C400054DFC22F61FFB6D26D00D203580B40C48B7F01406D00CC0361FFBFD202A440C43D
:208C60006D00C603F683580D2E2561FFB0D26D00BF0358113B8001B054D08F1F00A0428073
:208C800074D03C183B000340DF0B1100C2CB02B032500F0A00F0160F8B0F0340DA397F4F16
:208CA0000600580B8B6F1CF042F440C46D00A003C2F8FF18E97F580B40C48BFF00406D0024
:208CC00097035808CEF63BD00240325F78083C033BB0024040C46D008B03580C54D0C22F94
:208CE00042F0580C820110AF34F13BA00010580CC2FF370F68F0780C10AF58084B1F012299
:208D00008B0303F034FF09A220094B12012289A26009DF02EEFF74D040A440C56D007703D5
:208D20001D00E5003B50060049AF0A0ABE013B5004003E0E3B6006005F0F78003B600400D4
:208D40005F0F7400580A3FF80400FFDF6F0009A00A08580AAB1F20A076093B700610580BFD
:208D60003E143B7004107E12C2F861FF36D276063700684049AF0B0A3C033B00034040C407
:208D80006D00360314FFEE0B580DAE29768C3B500600580B3E043B5004007E0561FF17D252
:208DA0006D002603820B3C1A09F00008F60A580DAE283B500610580B3E143B5004107E1D6E
:208DC00061FF0BD2760537006840B01F3C033B00034040C46D000C03C21B3F8BE77F61FF83
:208DE000FCD1580B40C48FDF0F416D000103C2FA54DFC21F0EA43BB002403C04325A3BD08A
:208E0000024074DF40C46D00F30261FFD8D18B00034040C46D00EC0261FFD1D18B01034050
:208E200040C46D00E5023C6209AA28094EA854DFC21F61FFBFD16D00DB023C1954D0C210C9
:208E400074D014F47643B01F3C033B00034040C46D00CE023B600600580B3E063B60040059
:208E60003E03ABF81F88C2FAFF1AEA7F3B600600580B3E063B6004003E0314FF6E02F68404
:208E8000580D6F2F340061FFA8D1580A3BE00240325F3C0854D03B000340C21074D0C2FFB5
:208EA000C2F840C46D00A402768BFF1FF57F3C0861FF93D104F440C46D009A02C2F876838E
:208EC00014FFEEF73B600600580B3E0E3B6004003E0B580D2E2B3C0854DFC21F61FF6AD1B1
:208EE0006D008602C2F8DF08F9FF580EA29F3C0A54D03B00024040C4C21074D06D00780255
:208F0000C2FFFF1FF77F00902010404C405D89A68C09DA00780209D40008DF045002DA25E2
:208F20007E4409D001047E08B01D49A5080A40C46D0054023CF1820A0BAA108809DF010088
:208F40003BD002007E048F1A40A13CF93BB002007E07BBF0FE0F26A08F8040A13CF03B007C
:208F600002007E066F3AECFF8F0A41A13CE83B0003007E048F2A40A13CE23B3002007E04D1
:208F80008F4A40A13CDC3BA00200FE03D803B04FF80309F83CF9CE848F1A40A1325809DFC8
:208FA00001003C0D13A820FF8B0F1D8009DF01008B0F1D0037006800BFA0F6FF3BE00200A6
:208FC0005F0F23808F0A42A109DF01003BA00200FE05D803B04FF80309F93CF9CE968F1A22
:208FE00040F1BBF0FDAF26FA09DF01003C0D13A920FF8B0F1D9009DF01008B0F1D0037009E
:209000006800BFA0F6FF3BC006007E048F0A48A13C1E3B8006007E048F0A44A13C183BC025
:2090200004007E048F0A50A13C123BA006007E04B71A81A43C0C3BA007007E04B71A01A556
:209040003C063B400700FE01B71A81A53BC006003E043B8006007E0709D000087E04B71A99
:2090600001A6B01D09DF01003B3006005F0F2F808F1A00F1EE0E3C093B00024049A5080AAD
:2090800040C46D00AB01C2F87F890400FF28F67FD80340C449A5080AB04FF80309F03CF94A
:2090A000370048406D009A01DF0F377F3C093B00024049A5080A40C46D009001C2F87F89BF
:2090C0002C7FFF28F67F1DFF28FF3B400600BE013B9006003E0E3BF006003E0B3B8007006D
:2090E0003E083B8005003E053B5007005F0F598082023B4006003E043B9006007E02821222
:209100003B0008010F0A80105F0104006F9A05003B8000003C0282403B8000105F10098072
:20912000D80349FF080AF80309F078F93C15D803B04FF80309F03CF90B0000080B011048CA
:209140003B0004010F0A80105F010D807628370448000B0000080B0110483C13370468406F
:209160003C0F3B0004005F010B807626370450000B0000483C06370470403C02F6228205F6
:209180006F5A0600BBD0FF0F260A3C0282190BFA106889A440090B8910481D00CB003B302C
:2091A0000700FE066F5A0680BBF0FF9F9BF9FF97D8030BA8104840C5029649A6080AB04F5F
:2091C000F80309F4BCF96D00CC021DFFA6FE3B600600BE063B600400BE033B500600BE00D3
:2091E0003B5004003E0D3B7006003E0A3B7004003E073B1006003E043B1004007E0DD80360
:209200008F0A0211AB698091B04FF80302F609F03CF974A03C2C3B200700FE086F6A080098
:20922000D803B04FF80309F03CFA3C06D803B04FF80309F03CF98F0A02F1EA69DA004BF0F1
:2092400051F174AF3B6006603C123B200500FE09D8038F0A02F1EA6949FF080AF80309F4E7
:2092600078F96DFFDFCE3B60066074A20B89104849A5080A02A740C46DFF2BFA1DFF4DFEBC
:209280003B0007005F0F5D806F8A45006F0A0E80DA113C093B00024049A5080A40C46D00DE
:2092A0009D00C2F83F8FF8FFD803A03E49FF080A09FF3FF449A5080A370F684040C46D00E5
:2092C0002101FCE73BA0034049A5080A40C46D008500D803A03E49FF040A09FF3FF449A53D
:2092E000080A370F684040C46D000C01FCE7DA113C093B00024049A5080A40C46D006E0081
:20930000C2F83F8FF8FFD80349FF080AF8031DFF04FED8033B8000400245B04FF8038F2AB0
:20932000407109F03CF9820189A040093B80076049A5080A40C46D0000011DFFEEFD3BE0A3
:2093400006005F0F37803B0008010F0A80F03E036F9A0E00D803B04FF80309FFBCF909A082
:209360000809820189F040091DFFD7FD3B000401260ADA407EAAD803B04FF80309FFBCF963
:209380005802B4FF1DFFC9FD5F0A0B80D803B04FF80309FFBCF9580234FF1DFFBEFDD80319
:2093A000B04FF80309FFBCF9580274FF1DFFB5FD910000F6DA1959FF2C9009A20809009081
:2093C000910000F6DA1759FF2C903B0004406D000C007B00FC27009037046840545FC21F64
:2093E000745F1D000500BA0492F20090D44FBCF440F41D00BE14CC414C4280F07FF00680B0
:2094000034F4CC41B01FEC410090404F405C3C06370F684040C46DFFEBFF09FF0100EEF9E6
:2094200000903704E82BB704894B8BF20F228B04002400903704E82BB704894B8BF20F2243
:209440008B04202400903BF00F00804F1603063F0FF0100082FFC6F0C2F4604F804FB70F02
:2094600002F060F2B014542F260F742F77000004FCF60090804F16033BF00F008F3F00108C
:209480000F10100082F1C610C2F4604F8041B7010220095101008F3F0030B0140F311010D7
:2094A0006022C21F542216032602A612742277000004FDF0ED7F0090404F0B4510A849FD03
:2094C000160A026840FCDA0034DF820702860BAB10486DFFEBCD23820A0A0B2310A88BA0CC
:2094E00060F2CA708B0003F089DF3FF48B0220F28B0300F5EEEB04DF24FFEEFE40C2009048
:209500000248404F8FC83F40405CDA090B4F2001DA37AB0F83F042F46DFF60FF8FF80001DB
:2095200040F4DA0940C50B0F2011DA37AB0F834142041DFF53FF026E2020DA58404F0B45C0
:2095400010A8405C027909AC600982085FEF7300DA643EEDDA693EEBDA6F5FEF6C00DA75AC
:20956000BEE4DA785FEF67001D00ED00D2000B0C50F10B1D00F20BD190F2EE073BD0028014
:209580000BC0C0C00BD1D0D00BCD104840A43BA000606DFF93FFF6B6BA0C8B0D00F4DF0FCB
:2095A000DF8040A46D008A16370268C0DF081180DA753EE88F890101DA087E043BB0028022
:2095C0003C078F8901F18B0F01F2AB08A28F768CABFA1FAA8F3900F16E0740F4028440C570
:2095E0006DFFFCFE82086F0914808F2900F18B0F20F2864F8B0F02F03C0740F402F440C547
:209600006DFFECFEC2FA7FAB04003FACF87F768E40F4028440C56DFFE1FE3C08C2FB61FF39
:20962000C4CD6DFFDBFEABFA1FAA3FBCF97F1D008A008BFE268240A48F3820F08B8F006066
:209640000BCD10486DFF3AFFDA78FEE314AF40A26E10092000088BF01BF0370F6810DA1977
:209660003F1F05808B0002F0342F092F0104EEF240A46D002316370268F078068B0C20F2C8
:209680008B0D00F5EE0AF6B6DF086A806F296800821BBBB0FFFF26F96F291B006F19130055
:2096A000768E61FF82CD6DFF99FEABFA1FAA40F402E440C56DFF92FEABFA1FAABBB0FFFF94
:2096C00026F9DA6F7EE558063FBF0300921B6F29090076875806C22BC22F370F68F07806BD
:2096E0006F0915808F2900F18B0F20F2864F8B0F02C03C0740F402C440C56DFF6FFEC2FA00
:209700007FAB050058063FAFF77F6F291900DF08170061FF4ACD6DFF61FEABFA1FAA40F4C5
:2097200002E440C56DFF5AFEABFA1FAA3C08C2FB61FF3BCD6DFF52FEABFA1FAA58063FBF1D
:20974000F87FBBF0F74F40A4BBF0FF6F40F5269440C602A59BF6FF671D0003000090024817
:20976000404F025F405C0269406D6D00A715022A6F0819803C083B00024040C440D56DFF9A
:209780002DFEC2FF3FFAF97F3FF9F77F3C0BC2F909F40100DF04110040C440D56DFF1EFEE9
:2097A0008AFFDF09F6FF3C083B00024040C4C2FF40D56DFF13FEEEF90090910000F6D9FF55
:2097C0000400D4F291200056D955408A01240046015420F4EE0891200056D955C08A014531
:2097E00030F4EE0482FF60F20090F4F400908F141E20009002483708E8FB8209EE0302829B
:2098000000904B9801F02E046788BF8F82197B00F8F36B88714F6D0023153B3033F39B3FB1
:20982000F3F34BF801F0AE264B2851406D0096003C0B3BB0FDF09B9FFCF34B8251406D0020
:209840008D006B02312F76936722BF2F00900B4510886DFFF1FDF62502946DFFEDFD7624BB
:209860006B092128009002846DFFDDFDDF021B007B00F8F74BF901F02E163BB0FD409B9499
:20988000F4433C4D7B00F8FF4BF901F01602BB40BE4C9B6401443BB0FD009B90FC036A0480
:2098A0003C3E3709E8FB8200BA0F6E193708E8FBEE098F191EF03BB0FD209B9204246A8221
:2098C00000904B0801F016043BB0FD209B92FC233BB0FD009B90FC0B6A0200904B0901F0EB
:2098E0006F0F2C003708E8FB6E164B0801F02E2E3BB0FDF09B9F04F46788BF0F4B90514045
:209900006DFF24F66B02312F00907B00F8FF4BF901F02E183BB0FD409B94044402851D0034
:20992000E4014B9851406DFF11F63BB0FDF09B9F04FC6B0F212200904B0801F02E254B9882
:2099400051401DFF03F66788BFFF4B9F51406DFFFDF56722BF2F0090DA004BF401F02E2379
:209960001DFFF4F56744BF4F6DFFF0F56722BF2F0090910000F6D9FF2C6014FFDF1FC6808F
:20998000910000F6D9FF143014FFEE32910000F6D9FF103054FFEE0D910000F6D9FF103065
:2099A0006D00A3513B50C3F0065F4BF2110274F06D009B513B50C3F0065F4BF21102910012
:2099C00000F6D9FF103054FFA2F0DA647FF005803B00AF803C0C910000F6D9FF203054F8B5
:2099E000910000F6D9FF1430DA0134FF3C06910000F6D9FF203054F8910000F6D9FF20A05A
:209A000091000026D92220A0142FC21F34FF910000F6D9FF20A014FFBF2F3380910000F623
:209A2000D9FF20A0DA0034FF910000F6D9FF2C3091000026D9222C40542491000026D9227E
:209A40002C70942F4B0F415191000046D9440CA06D002D0174F2910000F6D9FF2C309100CE
:209A60000026D9222C305424BB0000589BB55B54BB0000689BB65B6C6D004B1474F29100E1
:209A800000F6D9FF24A091000026D92224A0142FC21F34FF910000F6D9FF24A014FFBF5F13
:209AA0003480910000F6D9FF24A0DA0034FF910000F6D9FF24304B0841F191000026D922D8
:209AC0002C3054206B0021FF74FF910000F6D9FF28304B0841F191000026D9222C305420FA
:209AE0006B0031FF74FF910000F6D9FF243054FF4B0F3141910000F6D9FF283054FF4B0F22
:209B000031516D009A103C0B910000F6D9FF2C6014FFEE05820482056D008F10009091003A
:209B200000F6D9FF08A014FF6E063B0077416D0000113C0482046D00FC100090910000F661
:209B4000D9FF0CA07BC025F474FF910000F6D9FF0CA07BC020F46CF1910000F6D9FF0CA0F8
:209B6000BBA070FD9B3FBAF36CF2910000F6D9FF0CA0BBD0CCFC9BCFE4F36CF30090910019
:209B800000F6D9FFF01514FF6E73910000F6D9FF183091000026D9221830092FC008C21F7C
:209BA000B4FF910000F6D9FF183009F0C008DA643FF05F80910000F6D9FF1830DA00B4FF0A
:209BC000910000F6D9FF1C3091000026D9221C30092FC008C21FB4FF910000F6D9FF1C309D
:209BE00009FFC0085E18910000F6D9FF08A0DA0134FF3C3E910000F6D9FF1C3009FFC00815
:209C00005E28910000F6D9FF2C60DA0134FF3C30910000F6D9FF1C3009F0C008DA647E0829
:209C2000910000F6D9FF2C60DA0034FF3C21910000F6D9FF1C3009F0C008DA65FE0991008C
:209C400000F6D9FF08A0DA0034FF910000F6D9FFF015DA0034FF910000F6D9FF1C30DA008B
:209C6000B4FF910000F6D9FF1830DA00B4FF910000F6D9FF344014FF910000F6D9FF0C505C
:209C800014F08BA000003F0F0800910000F6D9FF2C60DA0034FF6D00EE067627910000F6C2
:209CA000D9FF2C60DA0034FF00904C446B0F310409410C0954424C424B4F41F0B704813F9B
:209CC0004B3F41F06B2461FF6B01610F4C414BF541F07B802C144B1F51F06B0F3120894482
:209CE00010093C010090B704812F8F151EF08FFF01F0A6F2009020086D00A70A6D009D0961
:209D00003C216D00AF346D0065066DFF0AFF910000F6D9FFF01514FFEE036D000F0E9100C6
:209D200000F6D9FF343054FF74AF910000F6D9FF3C3054FF780191000048D9443D926D00B2
:209D400005103CE000906D00461382046D006E196D0015133C013C000090910000F6D9FF05
:209D6000343082246D00693C325274F2910000F6D9FF3C3082446D00603C74F282246D00CA
:209D8000793B82446D00763B910000F6D9FF383091000026D9223430542F4B0F41F1BB0084
:209DA000000A9BC070044B0F51F0BBA0700D9B30BA034B0F51F07B802C044B0F41F074FF0B
:209DC000910000F6D9FF004091000026D9223C30542F4B0F41F1BB00000A9BC070044B0FC9
:209DE00051F0BBA0700D9B30BA034B0F51F07B802C044B0F41F074FF910000F6D9FF30303F
:209E000091000026D9223830542F91000026D922004054206B0021FF7B0000044B0F51F09A
:209E200074FF910000F6D9FF343054FF4B0F41F1BB00000A9BC070044B0F51F0910000F657
:209E4000D9FF3C3054F04B004101BB00001A9BC170144B1051006B0021FF7B0000044B0F28
:209E600051F0910000F6D9FF044091000026D922044054206B0F21F074FF0090BD04310014
:209E8000B0C4404C54CF910000D6B70F0180D9DD04A0D4DF74C801C800E654EF6E04AE0393
:209EA00042F83CF954F001F000267DC20580420874F840FCEE1082046DFF81FCB04E7DE258
:209EC0000A80325802846DFF7AFC802F1EF3DA0074CFD4DF80CF80F00B0F90F174DF009039
:209EE0006D0088246D005F24910000F6D9FF34A091000026D9222470942F4B0F41F1910000
:209F00000026D92228A054206B0031FF3BB0FD009B9004044B0F41F07B4033044B0F51F016
:209F2000BBD0CC0C9B4016044B0F51F06CF391000026D92234A0910000F6D9FF287094FFBF
:209F40004B0F4101910000F6D9FF28A0481F6B0F31F03BB0FD009B9004044B0F41F07B40DB
:209F600033044B0F51F0BBD0CC0C9B4016044B0F51F06C2491000026D92234A0910000F67F
:209F8000D9FF2C7094FF4B0F4101910000F6D9FF28A0482F6B0F31F03BB0FD009B900404CA
:209FA0004B0F41F07B4033044B0F51F0BBD0CC0C9B4016044B0F51F06C25910000F6D9FFA6
:209FC00034A091000026D9221870942F4B0F41F1BBA099099B90E90391000026D92234A08A
:209FE00054213B3033239B32F3234B2141106B0F61F174FF91000026D92234A0910000F63F
:20A00000D9FF1C7094FF4B0F4101BBA099199B91E913910000F6D9FF34A0481F3B3033231D
:20A020009B32F3234B2F41F06B1061FF6C2191000026D92234A0910000F6D9FF207094FF22
:20A040004B0F4101BBA099199B91E913910000F6D9FF34A0482F3B3033239B32F3234B2F67
:20A0600041F06B1061FF6C22009091000026D9220C40910000F6D9FF0C4054F0910000F642
:20A08000D9FF34A0485FBBA0701D9B31BA134B1F41F07B4033144B1F41F03BB0FD109B9190
:20A0A00004144B1F51F06B0F21F0742F0090910000F6D9FF34A0485FBBF0280C9B50C703B1
:20A0C0004B0F01F016068B0F20F2EE10910000F6D9FF34A0485FBBF0280C9B50C70B4B0F9F
:20A0E00001F016038B0F20F26E036DFFC0FF0090910000F6D9FF28A0DA0074FF910000F683
:20A10000D9FF28A0DA006CF1910000F6D9FF28A0DA006CF282083C3E910000F6D9FF28A0DE
:20A1200091000026D92228A0542F91000026D922247094204B0041016B0021FF74FF91000C
:20A140000026D92228A0910000F6D9FF28A0481F910000F6D9FF287094F04B0041016B0015
:20A1600021FF6C2191000026D92228A0910000F6D9FF28A0482F910000F6D9FF2C7094F09B
:20A180004B0041016B0021FF6C2282546D000836C218DA643FF8C2FF910000F6D9FF28A061
:20A1A00091000026D92228A0542F7B802C044B0F51F074FF910000F6D9FF28A0910000268B
:20A1C000D92228A04C217B802C044B0F51F06CF1910000F6D9FF28A091000026D92228A08B
:20A1E0004C227B802C044B0F51F06CF2910000F6D9FF0840DA0134FF00906D0022236DFF6A
:20A2000079FF00906DFF6EFE6DFF53FF0090910000F6D9FFA4D514F57657820482068207CB
:20A220006D00EB003C0B82046D000902762782048206820702256D00E0000090910000F6C2
:20A24000D9FFD81514F576593BB00B403BB00B6082076D00D2003C0E3BA00B406D00EF0140
:20A2600076293BB00B403BB00B60820702256D00C4000090D9AAC00F02470250910000F8CC
:20A28000D9FFEC5149FF000A49A2000AC5053F3044FF642FFC5E820482053C1A82013C13C4
:20A2A00003700AF1104F14F3534320F010AF534320F010A25422C21274F2C2144235C2113D
:20A2C000370170103F71EEFFC210370070003F60E7FF82023C058B120000370068203B00CF
:20A2E00010007F020700534220F010AF54FF6EF43BF00F703C058BF71F00370068707F7221
:20A300000780534720F010AF54FF6EF65F2703803C409A127E723C3D82068208820A022933
:20A320003C35534920F010AF54F04208534920F010AF54F003900AAA5A84EE023C240BA5DF
:20A3400080004B0A61114B0861314B3151304B0061014B0F61114B1051004B0861114B0F90
:20A3600061F14BF141F06B0031134B1F41F06B0031034B0F41004B6001F0370F61F16E03F5
:20A3800002060292C219370968903F79CCFF3C0100908200DA0A3C0E910000F6D9FFA8D532
:20A3A00010FF14F18B211A104B0141116B012100C21F3B8007103F1FF1FF7B002FF44BF0AE
:20A3C00051007BC025F44BF001F016068B0F20F26E037BC025047BC025FC4BF001F016036E
:20A3E0008B0F20F26E037BC0250C910000F6D9FF2C4074F00090DABB7F4F05003BB00B4077
:20A400003C03F6428204DA777F5F05003B7007503C03F6528205DABB7F6F05003BB00B601D
:20A420003C03F6628206DA777F7F05003B7007703C03F6728207025F02717F5704800251D6
:20A44000027F3C2B52500B468020E2200B5780204B2001220B420000370068003BC00B20DD
:20A460003F2005803BB00B003C03F6028200910000F6D9FFA8D510FF34F0910000F6D9FFDB
:20A48000ACB510FF34F0910000F6D9FFA0F510FF34F0C21F370F68F07FF1D6FF009091001C
:20A4A00000F6D9FF0450082F6E0F910000F6D9FF0450083F6E09910000F6D9FF0450084F4B
:20A4C000EE0382123C17910000F6D9FF0450082F6E0F910000F6D9FF0450084F6E0991002B
:20A4E00000F6D9FF0450083FEE0382223C0382023C0100902008BB0080FFB4AF3BA00040EE
:20A500003B8000503BF00A603B8000706D00C525BB0080FFB4AF3BA000403B8000503BA07B
:20A5200000603BE006706D00B825BB0080FFB4AF3BF00A403B8000503BF00A603BE006709D
:20A540006D00AB25BB0080FFB4AF3BA000403BE006503BF00A603BE006706D009E250090AF
:20A56000910000F6D9FFA4D5DA0034FF910000F6D9FFD815DA0034FF7F540580024F02549E
:20A5800002F5DA723FF404003B200740FF65038082553C51910000F6D9FFA4D514FFEE1B60
:20A5A000910000F6D9FFACB501F400F614FF910000F6D9FFACB501F400F609F07BF8A20F15
:20A5C0000BF0C001DA323FF00700910000F6D9FFA4D534F4910000F6D9FFD81514FFEE1B15
:20A5E000910000F6D9FFA0F501F400F614FF910000F6D9FFA0F501F400F609F07BF8A20F6D
:20A600000BF0C001DA323FF00700910000F6D9FFD81534F4910000F6D9FFA4D514FF6E0867
:20A62000910000F6D9FFD81514FF6E023C06C2F4370468407F54B0FF00908202014400F69F
:20A6400039F064D5DAFF7E0A014400F639F068A5DAFF7E043B7007203C233B7007003C1D2F
:20A6600053C02BF0104F01F400F614FFEE159AF053CF2BF0104F01F400F614F1DAFF7E1CC3
:20A680009AE053CF2BF0104F01F400F614F1DAFF7E1302023C04C2F0FF20E4FF3C01009085
:20A6A000404C91000046D9440450820482656D001A093BA000003C2501C000F639FF6070CE
:20A6C000EE1F01C000F639F16170DAFFFE1901C000F639F16270DAFFFE13910000F6D9FFCF
:20A6E0000450DA012CF1910000F6D9FF045091000026D9220450142FC21F34FF3C05C210EB
:20A70000DAAD3FF0DB7F3BA000003C2501C000F639FF0835EE1F01C000F639F10935DAFFBC
:20A72000FE1901C000F639F10A35DAFFFE13910000F6D9FF0450DA012CF2910000F6D9FFED
:20A74000045091000026D9220450142FC21F34FF3C05C210DAAD3FF0DB7F3B8000003C2707
:20A7600053C02BF010CF08AFEE219A1053CF2BF010CF08A1DAFFFE1A9A2053CF2BF010CFD0
:20A7800008A1DAFFFE13910000F6D9FF0450DA012CF3910000F6D9FF045091000026D92214
:20A7A0000450142FC21F34FF3C05C210DA6C3FF0D97F3B8000003C2A53C02BF010CF09FFD8
:20A7C0006F28EE239A1053CF2BF010CF09F16F28DAFFFE1B9A2053CF2BF010CF09F16F2821
:20A7E000DAFFFE13910000F6D9FF0450DA012CF4910000F6D9FF045091000026D922045008
:20A80000142FC21F34FF3C05C210DA6C3FF0D67F910000F6D9FF045014F23C010090404CF2
:20A82000910000F6D9FF245091000026D9222450142FC21F34FF910000F6D9FF245014FFE2
:20A84000BF8F8580910000F6D9FF2450DA0034FF910000F6D9FF18503BC00B4082053B8076
:20A86000026040C46DFF08FD34F2910000F6D9FF1C503BC00B403B8002503B00056040C419
:20A880006DFFFAFC34F2910000F6D9FF20503BC00B403B0005503B80076040C46DFFECFC11
:20A8A00034F2910000F6D9FF185014F0DA647FF00880910000F6D9FF1850DA6434FF9100A9
:20A8C00000F6D9FF185014F0DAC87F0F0880910000F6D9FF1850DAC834FF910000F6D9FF8B
:20A8E0001C5014F0DA647FF00880910000F6D9FF1C50DA6434FF910000F6D9FF1C5014F0A8
:20A90000DAC87F0F0880910000F6D9FF1C50DAC834FF910000F6D9FF205014F0DA647FF05F
:20A920000880910000F6D9FF2050DA6434FF910000F6D9FF205014F0DAC87F0F0880910033
:20A9400000F6D9FF2050DAC834FF82003C3EDA287FF00880910000F6D9FF185014F13C0FD8
:20A96000DA507FF00880910000F6D9FF1C5014F13C06910000F6D9FF205014F182023C21EF
:20A9800053C02BF010CF01F200F614FF7FF10E8053C02BF0910000F6D9FF0CB010FF01F265
:20A9A00000F6DAFF34FF3C0C53C02BF0910000F6D9FF0CB010FF01F200F6DA0034FFC2122B
:20A9C000DABC3FF2DFFFC210DA783FF0C2FF0090910000F7D9FF0CD014FF6E4B910000F79E
:20A9E000D9FF0CD0DA0034FF91000047D94428E06DFF17FF6D00830391000046D9440CB074
:20AA00006D007B006DFFC7FC6DFF76FD910000F6D9FF3040DA0034FF82003C2882013C229D
:20AA200053C02BF0910000F7D9FF28E010FF01F100F614FF910000F6D9FF304014F27FF230
:20AA40001180910000F6D9FF304053C02BF091000027D92228E0102201210026142F34FFBD
:20AA6000C211DABC3FF1DEFFC210DA783FF0D8FF0090820082013C1582023C0F53C12BF052
:20AA8000910000F6D9FF0CB010FF01F200F614F3DAFF7E32C210C212DABC3FF2F1FFC211E3
:20AAA000DA783FF1EBFFDA707FF00E80910000F6D9FF244091000026D9222440142FC21FE6
:20AAC00034FF3C07910000F6D9FF2440DA0034FF910000F6D9FF244014F0DA1E3FF00A80B8
:20AAE000910000F6D9FF2440DA0034FF82123C0382023C010090404C910000F6D9FF3840FF
:20AB000014FF6E21910000F6D9FF1040DA0074FF910000F6D9FF1440DA0034FF910000F650
:20AB2000D9FF1840DA0034FF910000F6D9FF2040DA0034FF910000F6D9FF3840DA0034FF28
:20AB40001D006902910000F6D9FF3C4014F0DA003E09DA015F0F6B00DA025F0FD4001D007E
:20AB600059023B3007403B8002506DFFFBFC910000F6D9FFA4D514FFEE07910000F6D9FF19
:20AB8000D81514FF6E5140C46DFF8CFD0228DF282780910000F6D9FF28506DFF82FC34F23E
:20ABA000910000F6D9FF285014FF6E18910000F6D9FF344014FF910000F6D9FF0C5014F080
:20ABC0003F0F0D80910000F6D9FF344091000026D9223440142FC21F34FF3C15BF3814806E
:20ABE000910000F6D9FF28506D00490234F2910000F6D9FF344091000026D9223440142F64
:20AC0000C21F34FF910000F6D9FF285014FF6E0C910000F6D9FF184034F8910000F6D9FF7A
:20AC20003C40DA0134FF1D00F601910000F6D9FF144014FFEE65910000F6D9FF285014FF73
:20AC4000DE1A910000F6D9FF145091000026D9221450542F7B402B046B0031FF74FF910017
:20AC600000F6D9FF104091000026D9221450542F74FF3C30910000F6D9FF285014FFDE2A4C
:20AC8000910000F6D9FF145091000026D9221450542F7B402B046B0021FF74FF910000F6E9
:20ACA000D9FF104091000026D9221450542F74FF3C11910000F6D9FF285014FF5E3B9100FF
:20ACC00000F6D9FF104091000026D9221450542F74FF910000F6D9FF345091000026D922B5
:20ACE0000C40542F74FF910000F6D9FF1440DA0134FF910000F6D9FF3C40DA0234FF1D004A
:20AD00008A013B3007403BE001506DFF2BFC910000F6D9FF285014FFDF3F8E80910000F65A
:20AD2000D9FF204014FFEE13910000F6D9FF1C406D00DB473B50C3F0065F4BF2110274F026
:20AD4000910000F6D9FF2040DA0134FF6D00CD473B50C3F0065F4BF21102910000F6D9FF53
:20AD60001C4054FFA2F0BFB0658040C46DFF9AFCFF326080910000F6D9FF30509100002691
:20AD8000D9220C40542F74FF910000F6D9FF0C4054FF910000F6D9FF345054F06B00310FA6
:20ADA0007B001FFC4BF001F0370F61F06E08910000F6D9FF2840DA0134FF3C137B001FF412
:20ADC0004BF001F0AE28910000F6D9FF2840DA0334FF3C07910000F6D9FF2840DA0234FF81
:20ADE000910000F6D9FF284014FF910000F6D9FF285014F07E08910000F6D9FF2C50DA0162
:20AE000034FF3C07910000F6D9FF2C50DA0234FF910000F6D9FF2040DA0034FF910000462F
:20AE2000D944144091000056D95518406D00F4001D00EF00910000F6D9FF285014FFDF1FDF
:20AE4000728040C46DFFE5F9910000F6D9FF0C4054FF910000F6D9FF104054F07B001A1418
:20AE60006B0121004B0F01F016038B0F20F26E59910000F6D9FF305091000026D9220C4091
:20AE8000542F74FF910000F6D9FF0C4054FF910000F6D9FF345054F06B00310F7B001FFC56
:20AEA0004BF001F0370F61F06E08910000F6D9FF2840DA0134FF3C137B001FF44BF001F07B
:20AEC000AE28910000F6D9FF2840DA0334FF3C07910000F6D9FF2840DA0234FF910000F625
:20AEE000D9FF284014FF910000F6D9FF285014F07E08910000F6D9FF2C50DA0134FF3C0772
:20AF0000910000F6D9FF2C50DA0234FF91000046D944144091000056D95518406D007C00A9
:20AF20003C77910000F6D9FF285014FFDF2F718040C46DFF85F9910000F6D9FF0C4054FF89
:20AF4000910000F6D9FF104054F07B001A146B0131004B0F01F016068B0F20F26E5991004D
:20AF600000F6D9FF305091000026D9220C40542F74FF910000F6D9FF0C4054FF910000F60A
:20AF8000D9FF345054F06B00310F7B001FFC4BF001F0370F61F06E08910000F6D9FF2840D0
:20AFA000DA0134FF3C137B001FF44BF001F0AE28910000F6D9FF2840DA0334FF3C079100F9
:20AFC00000F6D9FF2840DA0234FF910000F6D9FF284014FF910000F6D9FF285014F07E08F1
:20AFE000910000F6D9FF2C50DA0134FF3C07910000F6D9FF2C50DA0234FF91000046D94447
:20B00000144091000056D95518406D0005003C023C010090910000F6D9FF3C40DA0034FF0A
:20B02000910000F6D9FF2850DA0034FFDA00344FDA00345F0090910000F6D9FF206014FFE0
:20B04000BF7F0380DA00910000F6D9FF0050534F200091000028D922A0A101200026D422B2
:20B06000F4F2910000F6D9FF0C5091000028D92206A21022142F34FF0090910000F6D9FF3C
:20B08000344014FF910000F6D9FF0C5014F04B0F0102910000F6D9FF0050D4FF01F100F6A3
:20B0A00014F2910000F6D9FF1050DA0034FFDF120A80910000F6D9FF0450083F6E03821244
:20B0C0003C1CDF220A80910000F6D9FF0450084F6E0382223C12DF320A80910000F6D9FF26
:20B0E0000450081F6E0382323C08910000F6D9FF1050DA0134FF3C01009091000046D944DE
:20B10000ACB582043B8007506D00ED0391000046D944A0F53BB00B403B8007506D00E303B5
:20B1200091000046D944A8D53BE005403B8007506D00D9033B7007301D0084008200820458
:20B1400082013C2553C32B20910000F6D9FF0CB001F200F601F100F614F2DF02188053C329
:20B160002B20910000F6D9FF0CB001F200F601F100F60812DAFF7E2A8210910000F6D9FF0C
:20B18000ACB501F300F634F13C06C2113BA00B203F21DA7FF609910000F6D9FFACB501F3B8
:20B1A00000F6820034F03BB00B003C2653C32B10910000F6D9FF0CB001F100F601F000F660
:20B1C00014F1DF01198053C32B10910000F6D9FF0CB001F100F601F000F609F17FF8DAFF6C
:20B1E0007E1A8214910000F6D9FFA0F501F300F634F03C04C2F0FF20DBFFF649910000F66E
:20B20000D9FFA0F501F300F6DABB34FF910000F6D9FFA8D501F300F691000026D922ACB536
:20B2200001230026142F91000026D922A0F5012300261420420F82204B0F010234F0C2F393
:20B24000FF037E7F009020086D008D086D0043093C0182046D009426DF02FDFF82546D0072
:20B260004B07822491000046D9440CB03BC00B503B8007606D001907DA0074AFDA007801D1
:20B2800082043B80075091000046D944ACB591000056D955A8D591000066D966A0F5A007BD
:20B2A0006D0070058204BBF0FF5F6D003F2282146D00702282146D0044226D0069208224B5
:20B2C000823582366D00F6308244826582766D00F1303B200A403B80265482066D00F6393B
:20B2E0003B4007403B80265482066D00EF393BC016408215821682376D007D343BB01640A2
:20B300008215821682376D0076343B3003403B80265482066D00DA393B6028408205821621
:20B3200082176D0068343B7028408205821682176D0061343B2016408205821682176D00C8
:20B340005A343B3016408205821682176D0053346DFF55F76DFFF4F382143B803E506D009B
:20B36000B33482243B8038516D00AE3482343B0071526D00A9346D00020800900D00000299
:20B3800082046D00530E82046DFFBFC3DA0982100FF0000089202829910000F6D9FFDC1527
:20B3A00091000026D922DC15142FC21F34FF910000F6D9FFDC1514FFBFAF0A806D002D019D
:20B3C000910000F6D9FFDC15DA0034FF6DFFD3F20D00400200800D00000282046D00260EDA
:20B3E00082146DFF92C38270DA010F0F00F0892F28296DFF09F76DFFB2F40D0040020080C5
:20B400000D00000282046D00110E82146DFF7DC3DA0982100FF00000892028296DFFB1F34B
:20B420000D00400200800D00000282046D00FE0D910000F6D9FF3C80D4FF2D0F00000D00F9
:20B44000400200800D00000282046D00EF0D910000F6D9FF0090D4FF2D0F00000D004002DF
:20B4600000800D00000282046D00E00D82446DFFD0E3762B82446DFFA4E2910000F6D9FFC0
:20B480001090D4FF2D0F000082046DFFC2E3762682046DFF96E26D00ED1B0D00400200801C
:20B4A0000D00000282046D00C10D82146DFFB1E3762482146DFF85E282546DFFAAE37624BA
:20B4C00082546DFF7EE20D00400200800D00000282046D00AB0D82246DFF9BE37624822471
:20B4E0006DFF6FE282646DFF94E3762482646DFF68E20D00400200800D00000282046D00BF
:20B50000950D82346DFF85E3762B82346DFF59E2910000F6D9FF1490D4FF2D0F00008274F9
:20B520006DFF77E3762482746DFF4BE20D00400200800D00000282046D00780D91000046EF
:20B54000D94410466DFF6FC20D00400200800D00000282046D006A0D6D00E6070D004002EA
:20B5600000800D00000282046D00600D0D00400200800D00000282046D00580D91000046CF
:20B58000D9443C566DFF4FC20D00400200800D00000282046D004A0D910000F6D9FF089060
:20B5A000D4FF2D0F00000D00400200800D00000282046D003B0D91000046D94428766DFF65
:20B5C00032C20D00400200800D00000282046D002D0D910000F6D9FF1890D4FF2D0F000056
:20B5E0000D00400200800D00000282046D001E0D91000046D94414966DFF15C20D0040021F
:20B6000000800D00000282046D00100D6D00ED170D0040020080910000F6D9FFEC156D007E
:20B62000910034F2910000F6D9FFE01591000026D922EC15142F91000026D922EC15142022
:20B6400091000026D922E4151421C610260F34FF910000F6D9FFE81591000026D922EC15BD
:20B66000142F82F0C60F91000026D922EC15142091000026D922E4151421C610260F34FF3B
:20B68000910000F6D9FFE41591000026D922EC15142F34FF910000F6D9FFE01514F0DA01F6
:20B6A000BE0FDA02BE0DDA043E023C2C910000F6D9FFF01591000026D922F015142FC21F51
:20B6C00034FF910000F6D9FFF01514FFBF2F0880910000F6D9FFF015DA0034FF3C149100F8
:20B6E00000F6D9FFEC1514F4910000F6D9FFE01514F5910000F6D9FFE81514F66D00C3017F
:20B700003C023C01910000F6D9FFEC1514FF1E37910000F6D9FFE81514FFDE32910000F6E0
:20B72000D9FFEC1514F4910000F6D9FFE01514F5910000F6D9FFE81514F66D00A4010090C3
:20B74000DA003B6028406D004632F622DA013B7028406D004032F622DA023B2016406D0030
:20B760003A32F622DA033B3016406D003432F622DA0402F23C010090C234B70402F06E65A7
:20B780009249DF096300910000F6D9FF04A054FFEE1582046DFF13F0802F325F1603924406
:20B7A0006DFF0DF08020DFF051001022F4F291000046B54200A082007420D4FC820A3C0329
:20B7C00010CCB0FC54CF6E036F0FFCFFF4FC3C1DB70801F010CF6F08188054FFEE11820415
:20B7E0006DFFEDEF49F4040A7D420F80325802846DFFE5EF802F1EF874CA82083C0CAE0491
:20B8000042F874C840CF40FC54C876856F08E2FF3F98E0FFDF082680BF19180002946DFFC3
:20B82000CEEF802F9EF249CF040A01F220F4EE0D012F30F4EE12802F325F1603102F924422
:20B840006DFFBDEF802F5EF3A002009001CF2020802F960174CF40FC01C900F674FA3C0A55
:20B860009A493FF8078001C900F6A29874F83C0202898F1940F174CF49C2040A0090DF0450
:20B880003000404FBF842780804F8F3F000180518F3100115F101F802E06C2F4045F344FE1
:20B8A000494F010A80FF2E16045F24FFC2E4045F24FF8F7400018FD41FF06E0B02F14052FC
:20B8C000C2F160160922480189F24801FC6CD05502047646C2F46042045F24FFFC2E40422E
:20B8E0000090404FBF852380804F2E05C2F53444494F010A80FF2E1424F4C2E524F48F75D2
:20B9000000F106D5DF051200D200764A370468008F802010A6108F002110A6100201C2F50B
:20B92000605289F04801FC2E02F57655C2F5605224F4FC2F404200902010910000F6D9FF5A
:20B94000006014FFEE39DABCB4AFDA78ACA2DA002CA88204820591000046D9440CB03BC04E
:20B960000B603B8007706D0030213B800C408205910000F6D9FF2C4054FF4B0F316182371B
:20B980006D00D2213B800C403B400150910000F6D9FF3C4014F682376D00C6213B800C407B
:20B9A0003B800250910000F6D9FF304014F682376D00BA213C66BBF0FF4F82056D00B61E3D
:20B9C00082046D00771CBBF0FF4F82056D00AE1E8254825591000048D94409D26D00052216
:20B9E00082543B90015091000048D94419D26D00FC213B7003403B900150910000F6D9FF81
:20BA0000206014F6C21682176D008E213BB004403B900150910000F6D9FF206014FF534F30
:20BA200020F0910000F6D9FF046010FFD4F46D00DC2182543BD0025091000048D94426B2F1
:20BA40006D00D3213B4006403BD00250910000F6D9FF203054F682576D00662182543BB0E0
:20BA6000045091000048D94432B26D00BE2182543BD0055091000048D94409C26D00B52112
:20BA80000090DF350E80910000F6D9FF3850DA0134FF910000F6D9FF3C50DA00B4FF910076
:20BAA00000F6D9FF385014FF6E0FDF340E80910000F6D9FF3C5091000026D9223C50092F9E
:20BAC000C008C21FB4FF910000F6D9FF385014FF6E3EDF363D80910000F6D9FF3850DA00D1
:20BAE00034FF910000F6D9FF006014FFDF1F3080910000F6D9FF3C5009F0C008DA323FF0AC
:20BB00001B80910000F6D9FF203091000026D9222030542F8BEF1CF074FF910000F6D9FFFE
:20BB2000203054FFCEF7910000F6D9FF2030DA0074FF3C0D910000F6D9FF203091000026F2
:20BB4000D9222030542F8B2F03F074FFDA013E54DA02BE563C36910000F6D9FF006014FF56
:20BB6000EE08910000F6D9FF0060DA0134FF3C07910000F6D9FF0060DA0034FF3C23910003
:20BB800000F6D9FF006014FFDE1B910000F6D9FF206091000026D9222060142FC21F34FF03
:20BBA000910000F6D9FF206014FFBF7F0880910000F6D9FF2060DA0034FF6DFF3EFA3C02FF
:20BBC0003C010090024F370FE81B8F1F1E00DAFF7E17024F7444B70F89FB6E123C0B8FF02B
:20BBE0000150DA7F7FF10900DA00B70F81FFA65F744F02420090DA963FF10A007444DA002A
:20BC0000B70F81FF8FF00120A6F20090B704890B8F71012082F38B6109110F130030263083
:20BC2000B700890BA652A60274426B0231F4B70F812FA652009002583B0077F17F4F050003
:20BC40003B0077413C073B0089FE7FF404003B00894E3B0077F17F8F05003B0077813C0737
:20BC60003B0089FE7FF804003B00898E8E473B0019F07FF404003B0019408E873B0019F0B8
:20BC80007FF804003B0019808B4406F03B0077017FF004003B0077F13B00890E7F0F040063
:20BCA0003B0089FE3B0077017F8004003B0077813B00890E7F0804003B00898E0EFC3BC025
:20BCC000164082056D00DA2F3B200A4002F56D00A8353C0C3BC0164082156D00CF2F3B2035
:20BCE0000A4002F532556D009C350E8C3BB0164082156D00C32F3B40074002856D009135F1
:20BD00003C0C3BB0164082056D00B82F3B400740028532556D008535910000F6D9FFF41560
:20BD200074FF910000F6D9FFF81574F8009002450E563B3003406D0074353C063B300340C9
:20BD400032556D006E35009020104045910000F6D9FF080049F2140AF4A249A6100A40A4C4
:20BD60006DFFD4E809FFE4081640AAF20090024F8204370F68506D00AA4302F23C01009035
:20BD800020080B541088404CF4A589A68409407D09AE8809820A820B910000F6D9FFFC1515
:20BDA000088F8B0F204291000048D94420D23B8010506D004B03910000F6D9FFC835A82806
:20BDC000910000F6D9FFC835DA002CF682013C14534120F0910000F6D9FFFC1510F2A00F73
:20BDE000EC23534120F0910000F6D9FFFC1510F2A00FEC2BC211BF31EDFFDA003E9C821063
:20BE00005F90650082205F90BD00DA035F9F42011D004101A00F7DCF1900C21A910000265C
:20BE2000D922C835910000F6D9FFC835086F96012C26534120F0910000F6D9FFFC1510FF2B
:20BE4000E83C9A11370F6810A00FD4A27D2F1A00C21A910000F6D9FFC83591000026D92280
:20BE6000C8350C2696022CF6534120F0910000F6D9FFFC1510FFD4A2E8329A11370F6810BD
:20BE8000A002D8017DF21700C21A910000F6D9FFC83591000026D922C8350C2696042CF6CC
:20BEA000534120F0910000F6D9FFFC1510F2D801EC23910000F6D9FFFC1509F0C608DAFF74
:20BEC0007F0F0380821B1D00E600A00F7DDF1900C21A91000026D922C835910000F6D9FFA3
:20BEE000C835086F96012C26534120F0910000F6D9FFFC1510FFE8BDC21137016810A00FEB
:20BF00007DEF1900C21A91000026D922C835910000F6D9FFC835086F96022C26534120F0B0
:20BF2000910000F6D9FFFC1510FFE8BEC21137016810A00F09A28C097D2F1800C21A910039
:20BF400000F6D9FFC83591000026D922C8350C2696042CF6534120F0910000F6D9FFFC1565
:20BF600010FF09A28C09E8B2910000F6D9FFFC1509F0C408DAFF7F0F0380821B1D008B0074
:20BF8000A00F7DCF2400A00F7DDF2100C21A91000026D922C835910000F6D9FFC835086FF8
:20BFA00096012C26534120F0910000F6D9FFFC1510FFE83C534120F0910000F6D9FFFC153D
:20BFC00010FFE8BDC21137016810A00FD4A27D2F2500A00F7DEF2200C21A91000026D92269
:20BFE000C835910000F6D9FFC835086F96022C26534120F0910000F6D9FFFC1510F2D4AFEE
:20C00000EC23534120F0910000F6D9FFFC1510FFE8BEC21137016810A002D8017DF22600B5
:20C02000A00F09A28C097D2F2100C21A910000F6D9FFC83591000026D922C8350C26960491
:20C040002CF6534120F0910000F6D9FFFC1510F2D801EC23534120F0910000F6D9FFFC15AC
:20C0600010FF09A28C09E8B2910000F6D9FFFC1509F0C408DAFF3F0F0B80910000F6D9FF91
:20C08000FC1509F0C608DAFF7F0F0380821B3C023C01910000F6D9FFC8358669865BA6B93B
:20C0A000A69A282A0090910000F6D9FFC835DAAA34FF910000F6D9FFC835DA032CF1910064
:20C0C00000F6D9FFC835DA082CF3910000F6D9FFFC152884910000F6D9FFFC15F4F491008F
:20C0E00000F6D9FFFC15A825910000F6D9FFFC15A8360090DA00BE44DA015F4F2500DA0250
:20C100005F4F3500DA035F4F4500DA045F4F5500DA055F4F6500DA065F4F75003C74910055
:20C1200000F6D9FF286091100028D922BE5CF4F2910000F6D9FF246091100028D922A05C42
:20C14000F4F23C61910000F6D9FF286091100028D922ACE0F4F2910000F6D9FF24609110BB
:20C160000028D922B4D0F4F23C4E910000F6D9FF286091100028D922281DF4F2910000F64B
:20C18000D9FF246091100028D922300DF4F23C3B910000F6D9FF286091100028D922124DDB
:20C1A000F4F2910000F6D9FF246091100028D9221A3DF4F23C28910000F6D9FF28609110C9
:20C1C0000028D9228070F4F2910000F6D9FF246091100028D9228860F4F23C15910000F619
:20C1E000D9FF286091100028D92272E0F4F2910000F6D9FF246091100028D9226290F4F264
:20C200003C023C01009082023C01009002423C0100906F770C006F0505808FF707F16E06D4
:20C22000C215EF850400C21606F5B70589FB8F7601008F840120A60FA6F20090201049A666
:20C24000100AA00FF4AF89A4840982FF780240A46DFF5CE6D801DA0034FF0090024837082C
:20C26000E8FBEE05820402851DFF3FED6DFFDBE8DF022280DA004BF801008F3000F16E05A0
:20C280006F001A001DFF9EE84B0891F17B00F0034B0841007B00FC134BF041206BF2712187
:20C2A0004B2F41F04BF041006BF071014B0F41F04BF8418002820090404F044FEEFF01F423
:20C2C00020F080F2C2F200903C08C2F4044F04506E023E0352020090DF04F9FF8202009073
:20C2E000145F6E143C0F405F40423C03B01FB01209FF00086E05092000085F0FF97F6E06FF
:20C30000B014144FEEF1A0020090404200904B5401F0370F61F16E0302523C0A4B6401F000
:20C32000370F61F06E0302623C0302423C0100903B00D0269B9212246B4461224B4441F0BB
:20C34000BBE0F408BB50061D9BA014049BB10C146B1F61106BF261F04BF151F04B4F412038
:20C3600000906D0053066D0036006D003F006D00D42482046D005A0600904DC0E1FF1607C6
:20C380003C016E083C01910000F6D9FFF05514FF6EFB4DC0E1FF16073C01910000F6D9FFE7
:20C3A000F05510FFDA0134FF8218DA003C0B910000F6D9FFF05510FF14F0E2083708688098
:20C3C000C21FBF2FF6FF82146D00EA24DF08EE7F00906DFFBADD02246DFF0EDD6DFFC9DD12
:20C3E00002246DFF4DDD0090910000F6D9FFF4556DFF87D768224DC0E1FF8F7F00413C017C
:20C40000910000F6D9FFF4556DFFBED66812910000F6D9FFF4556DFFC9D774F2910000FF50
:20C42000BCF16DFFABD7913000FF39FF3506160F4B0F41F14BF251F03C013C01910000F6FE
:20C44000D9FFF4556CF30090404F0258F64791000026D9223460142FEE023C1F910000261B
:20C46000D9223060142F6E033C013C0091000026D9223060DA00C21F342F6D00BB053C0C2F
:20C4800091000048D9441DF2A00640F502846D0075006D0004003CF500902008DA0074AFFD
:20C4A000DA007801DA0074AF3C0FDA0078013C045801C21F780158013BF0FF017FF0FAFFAF
:20C4C00054AFC21F74AF54AF3BF0FF007FF0EFFF0090201849A4000A6D003102911000F8D3
:20C4E000D9FF8C6CF80249A4000A6D00EC018204BB00205C9B150050820682076D00553C55
:20C5000091000046D944DC75820491000056D955D8653B0004506D009602820482156D00E0
:20C520005C3E0090910000F6D9FF386014FF6E13820491000046D944D8756D003B3E910008
:20C540000046D944DC7591000056D955D87582146D0049040090404676423C0E910000F6D6
:20C56000D9FF386014FF6E0891000048D9442AF202546D0003000090D9AAE86F404C405D57
:20C580000248406E820089A08C08DA00ACA7DA007804DA00ACAADA00ACAB40D46DFF8EFE74
:20C5A00089A2100991000026D922C465092FC0086E08910000F6D9FFC465C84F2D0F00000B
:20C5C000910000F6D9FF386014F0DF007B01910000F6D9FFC46509FFC008DF0F3F0109A0D6
:20C5E00096088CABC21FACAB910000F6D9FFC465C83F82043700705040C42D0F000040D4CE
:20C600006DFF5CFE89A21009910000F6D9FFC46509F0C208910000F6D9FFC465086F4BF08B
:20C62000010289A094083C0109DF0008B01DEEFDDA00ACA73C11B0FD09D00008DA2F3E05F9
:20C6400009D00008DA5C7E0509AFCE08C21FACA75804C2FF780409AFCE08FF2F0580580448
:20C66000FF0FEB7F58040EFCB01DF4AD49A4180A91000058D95510E26DFFE2FD3C1709AF00
:20C68000CE08EE0BF4AD49A4180A91000058D95519E26DFFD5FD3C0AF4AD49A4180A910044
:20C6A0000058D95510E26DFFCBFDDA00ACA63C4CDA00ACA73C2349A4180A6DFFFFFD09A06E
:20C6C000CC088CAA09A1CE0803F00AF17FF203803C1A09AFCE0810AF49FF184A09A0CC0824
:20C6E0008CAA09A1CE0803F00AF110A2092F180834FF09AFCE08C21FACA709A0CE088CAAE2
:20C700003FF0DB7F09AFCE0810AF49FF184ADA0034FF910000F6D9FFC46508708CABE2F083
:20C720008CABC21FACAB910000F6D9FFC465C83F82043700705049A4184A2D0F000009AF3B
:20C74000CC08C21FACA609A9CC0849A4180A6DFFB5FD8CAA4BF211029A103FF9ABFF74A8F1
:20C7600049A4180A91000058D95526E26DFF68FD910000F6D9FFC465087F09A09608E2F092
:20C780008CABC21FACAB910000F6D9FFC465C83F82043700705049A4180A2D0F0000A00F24
:20C7A0007DEF5B00DA00ACA63C4CDA00ACA73C2240E46DFF83FD09A0CC088CAA09A1CE0830
:20C7C00003F00AF17FF203803C1A09AFCE0810AF49FF184A09A0CC088CAA09A1CE0803F004
:20C7E0000AF110E2092F000834FF09AFCE08C21FACA709A0CE088CAA3FF0DC7F09AFCE084A
:20C8000010AF49FF184ADA0034FF910000F6D9FFC465087F09A09608E2F08CABC21FACAB0B
:20C82000910000F6D9FFC465C83F82043700705049A4184A2D0F000009AFCC08C21FACA6A2
:20C8400009A8CC0840E46DFF39FD8CAA4BF211029A103FF8ACFF3C3549A4185A82043B00EA
:20C8600010506DFF40F8910000F6D9FFC465C82F40C42D0F0000A00F7DEF1000F4AD89A8F8
:20C88000040989AE880949A4185A91000058D9552FE26DFFD5FC3C0CF4AD89A8040949A4EB
:20C8A000185A91000058D95508F26DFFC9FC910000F6D9FFC465C82F49A4185A2D0F0000AA
:20C8C0000090910000F6D9FFC465094FC008B4FF910000F6D9FFC465094FC208ACF1910095
:20C8E00000F6D9FFC465094FC408ACF2910000F6D9FFC4650C462CF6910000F6D9FFC465FB
:20C900000C472CF7910000F6D9FFC46509428809E822910000F6D9FFC46509428C09E832B1
:20C9200091000026D922C465CC44EC24910000F6D9FF3860DA0134FF0090DA00B44FBBF0DF
:20C94000FFFFAC41BBF0FFFFAC42DAFF2C46DAFF2C47A00FEC42A00FEC43A00FEC44009094
:20C960002008404574A491000046D944DC7549A6000A82046D00830054A23C010090024534
:20C9800082046D009A3D82023C01009082046D00A93D0090404FA00201F2104491000048C2
:20C9A000D94436F23B5005506DFF50FD820814FF960134FFDA006CF2DA006CF3485F6CF4BA
:20C9C000081F82003E0682103E0A8220BE003C17C814820448556DFF86F73C11C814820446
:20C9E000485F532F20506DFF7EF73C09C8148204485F534F20506DFF76F73C01DA0034FF3A
:20CA000002823C0100904C43424F6C433C064C4309401409A20F6C434C4509400C097FF001
:20CA2000F8FF00904C42424F6C423C064C4209401409A20F6C424C45094008097FF0F8FFBC
:20CA40000090404F024F405C0258A00201F2104491000048D94436F23B2022506DFFF6FC3E
:20CA60008202E81C820034F02CF1DA006CF2DA006CF3684868583C010090404F405C406DE5
:20CA80000249A00201F2104491000048D94436F23B1016506DFFDAFCA00201D210449100F7
:20CAA0000048D94436F23B2016506DFFCFFC82088200A0027DC2058082381D00900014FF05
:20CAC00016036E0574D082681D009F0040F46D00790154D07F020B8074D28278F62714FF25
:20CAE000B70F81F134FF1D00900014FF960834FF485F4830520A54D03F0A2B80081F8200FE
:20CB00003E0682103E0C8220BE063C21C812483F102554D440C46DFFB4F63C19C812483FA4
:20CB2000532F20F0102554DF532F204040C46DFFA8F63C0DC812483F534F20F0102554DF47
:20CB4000534F204040C46DFF9CF63C013C43081F82003E078210BE0482205F0F27003C3A26
:20CB6000C812483F102540C402A46DFF8AF601CA0046C81554D4A2A46DFF83F63C2BC81207
:20CB8000483F532F20F01025532A204040C46DFF78F6532A20F010C4C81554DFA2AF532F48
:20CBA00020406DFF6EF63C16C812483F534F20F01025534A204040C46DFF63F6534A20F038
:20CBC00010C4C81554DFA2AF534F20406DFF59F63C0114FFB70F81F134FFDF09168014F026
:20CBE000DA0B7E0382283C1014FF960234FF54D440F46DFF0AFF484F54D0420F6CF414FFAB
:20CC0000B70F81F034FF02823C010090404F405C406D0249A00201F2104491000048D94457
:20CC200036F23B401C506DFF11FCA00201D2104491000048D94436F23B501C506DFF06FC20
:20CC400082088200A0027DC2058082381D00AE0014FF16076E0574D082681D00B00040F40B
:20CC60006D00B00054D07F020B8074D28278F62714FFB70F81F134FF1D00A10014FF96081D
:20CC800034FF4820483F3F0F0680482F54D03F0F3180081F82003E0682103E0E8220BE0ACF
:20CCA0003C27C812482F54D0A20F102554D440C46DFFE7F53C1DC812482F54D0A20F532F41
:20CCC00020F0102554DF532F204040C46DFFD9F53C0FC812482F54D0A20F534F20F0102564
:20CCE00054DF534F204040C46DFFCBF53C013C5954DA482FA2FA081F82003E078210BE0975
:20CD000082205F0F33003C4DC812485FA2AF102540C402A46DFFB5F501CA0046C812482F1E
:20CD200054D0A20F102554D4A2A46DFFAAF53C39C812485FA2AF532F20F01025532A204085
:20CD400040C46DFF9EF5532A20F010C4C812482F54D0A20F532F20F0102554DFA2AF532F7C
:20CD600020406DFF8EF53C1DC812485FA2AF534F20F01025534A204040C46DFF82F5534AD1
:20CD800020F010C4C812482F54D0A20F534F20F0102554DFA2AF534F20406DFF72F53C010C
:20CDA00014FFB70F81F134FFF69914F0DA0B7E0382283C0440F46DFFEFFD02823C01009035
:20CDC000404FA002012F104491000048D94436F23B6007506DFF3AFB485F484052023C012D
:20CDE0000090404F405C0248A00201F2104491000048D94436F23B000B506DFF27FB820978
:20CE0000A0027DC2058082391D00B50014FF16056E0482491D00AF0014FF960434FF484F71
:20CE20003F8FA480485F4820520A7F8A69800810DA003E0882115F012000DA025F0F3E00D0
:20CE40003C5DC812482F102440C502A46DFF19F540F402A46DFFE8FDC812482F102401CA14
:20CE600000560BA880406DFF0CF50BA8804040F46DFFDAFD3C43C812482F532F20F01024FC
:20CE8000532A204040C56DFFFCF440F402A46DFFCBFDC812482F532F20F01024532A20F0A2
:20CEA00010C55AA8532F20406DFFEBF40BA8804040F46DFFB9FD3C22C812482F534F20F044
:20CEC0001024534A204040C56DFFDBF440F402A46DFFAAFDC812482F534F20F01024534A20
:20CEE00020F010C55AA8534F20406DFFCAF40BA8804040F46DFF98FD3C013C33081F820022
:20CF00003E068210BE008220BE0D3C2BC812482F102440C502846DFFB4F440F402846DFF5F
:20CF200083FD3C1FC812482F532F20F010245328204040C56DFFA5F440F402846DFF74FD83
:20CF40003C10C812482F534F20F010245348204040C56DFF96F440F402846DFF65FD3C0193
:20CF6000484FA28F6CF43C02825914FFB70F01F134FF02923C0100902010404C0248A00F5C
:20CF800001FC104491000048D944F6023B0008506DFF5CFADA00A00F7DCF03803C29CE87EB
:20CFA0003BD0020034C0B01C32583C05F684DA3034CF3C1E3C113BA000004B0801020E125A
:20CFC0003C02325110AF34F1C21F370F68F03BA000004B080182DF08F0FF3C0910AF09F0A9
:20CFE0007FF88B00030034C0B01CC2FFEEF800906D000C006D0059266D002D2B6D00452435
:20D0000082046D00130000904DC0E2FF370FE1F78B0F20F23C010D00400300003C013C01BB
:20D020008B0F00223C010090F6430D00000300902008404F024FA00201F2104491000048C4
:20D04000D944E2123B700C506DFF00FA74AF91000046D944F47549A6000A820440F56DFFB2
:20D060000EFD54A23C010090404F0248A00201F2104491000048D944E2123B3006506DFF09
:20D08000E5F982093C263B2014406D00A425DF021980DA1E3FF80E8082243BE0015040F463
:20D0A0006D000B3A49FF1E0A8B281E8082093C08822440F402856D00003A82083C0C3C090F
:20D0C000C219DA643FF903803C0682146D00681EDF08DBFF02823C0100902008404F024F97
:20D0E000A00201F2104491000048D944CD223B300C506DFFABF974AF91000046D944CC8523
:20D1000049A6000A820440F56DFFB9FC54A23C010090404F0248A00201F2104491000048DC
:20D12000D944CD223BF005506DFF90F9DA003C273B2014406D004F25DF021980DA1E3FF8F8
:20D140000E8082243BE0015040F46D00B63949FF1E0A8B281E80DA003C08822440F402855F
:20D160006D00AB3982083C0D3C0AC21F3B401F003F0F03803C0682146D00121EDF08DAFFC4
:20D1800002823C010090404F405C024891000026D92204901420DA013E0DDA023E0BDA0426
:20D1A0005F0F2300DA055F0F3A00DA065F0F53003C6BDA003C0882058206820702F46D00F6
:20D1C0001A25C21FBF8FF9FF82748245821640F440C502876D00441E022F3BD000408215F0
:20D1E0006D0063233C52DA003C0882058206820702F46D000025C21FBF8FF9FF827482458C
:20D20000820640F440C502876D002A1E022F3BD0004082256D0049233C38DA003C098B0FE6
:20D2200004408205820682076D00E524C21FBF8FF8FF82643B800050820640F440C502873B
:20D240006D00931F022F3BA0004082256D002D233C1CDA003C0882058206820702F46D008E
:20D26000CA24C21FBF8FF9FF82748245820640F440C502876D00F41D022F3BD00040821501
:20D280006D0013233C023C0102F23C01009091000046D944E4856D00CC2B022F91000046E6
:20D2A000D944E4853B000F406D00C32B8F8F20F0A6F23C01009091000046D944FC856D008E
:20D2C000B82B022F91000046D944FC853B000F406D00AF2B8F8F20F0A6F23C0100908208D7
:20D2E0008209820B820A910000F6D9FFE485DA5C2CF8910000F6D9FFE48509400A0989F0CB
:20D300000A09910000F6D9FFE485544074F0910000F6D9FFE4854C416CF1910000F6D9FF29
:20D32000E48509429009E84291000026D922E485CC45EC25910000F6D9FFD4958C53B4FFDF
:20D34000910000F6D9FFD4958C55ACF1910000F6D9FFD4958C57ACF2910000F6D9FFD49576
:20D360008C59ACF3910000F6D9FFD4958C5BACF4910000F6D9FFD4958C5DACF5910000F601
:20D38000D9FFD4958C5FACF6910000F6D9FFD495095FA208ACF7910000F6D9FFD495095F12
:20D3A000A608ACF93BE00F40BBF0EE5B6D00F5083BC0004082356D00F0083BA000406D0073
:20D3C000EF1C3BC0004082056D00E7083BC0004082056D00E2083BC0004082056D00DD08F7
:20D3E0003BA000406D00DC1C820C82046DFF51FF022D3B4032F13ED73B1031F13ED43B3011
:20D4000031F17ED23C0D3BA000406D00C91CC21A370A68A0BFAA0480821C3C023CE7DF0CE8
:20D420000B84910000F6D9FFD49509F0C808DA783F0F0D00910000F6D9FFD49509FFC8087F
:20D44000534F20B08F2840813C28910000F6D9FFD49509F0C808DAF03F0F0D00910000F641
:20D46000D9FFD49509FFC808532F20B08F1840813C14910000F6D9FFD49509FFC8083B00AE
:20D480001E003FF00B80910000F6D9FFD49509FFC808531F20B08208910000F6D9FFD49580
:20D4A00009F0C608DABC3F0F0D00910000F6D9FFD49509FFC608534F20908F8840813C2888
:20D4C000910000F6D9FFD49509FFC6083B8017003FF00D00910000F6D9FFD49509FFC60802
:20D4E000532F20908F4840813C13910000F6D9FFD49509FFC6083B002F003FF00A809100C1
:20D5000000F6D9FFD49509FFC608531F2090910000F6D9FF3C603BE034F0A29F74FF3B4073
:20D5200032F15FDFC5808274BB8038586D003508BB00CC0F9BB01900910000F6D9FFD49518
:20D5400009FFC808C22F910000F6D9FF3C6054F142918242031F0AF24BF00102370070F038
:20D560003B401F007FF004803B401FF0910000F6D9FFD49509F0C4087F0F0780910000F66B
:20D58000D9FFD495ACF2910000F6D9FF0070BB00CCFF9BBF19F091000026D922D4950920B0
:20D5A000C4084B0F01029AC091000026D9223C60542042904B0F010291000026D922D495DC
:20D5C000092FC808A2F074F0910000F6D9FF007054FF3B00E2073FF00900910000F6D9FF70
:20D5E000007054FFFF2F2100910000F6D9FF007054FFFF2F0400DA023C12910000F6D9FF3C
:20D60000007054FF3B00E2077FF005003B00E2F73C06910000F6D9FF007054FF910000F6B0
:20D62000D9FF007074FF910000F6D9FF3C60BB00CCFF9BBF19F091000026D922D495092007
:20D64000C4084B0F0102C2C091000026D9220070542F91000026D922D4950921C808421F04
:20D660004BF001025A9074FF910000F6D9FF3C6054F0DA3D7FF00400DA3D3C12910000F65A
:20D68000D9FF3C6054FF3BF03F007FF005003BF03FF03C06910000F6D9FF3C6054FF91006A
:20D6A00000F6D9FF3C6074FF1D00BA00BB00CC0F9BB01900910000F6D9FFD49509FFC8081C
:20D6C000C24F3BE03410A29142918242031F0AF24BF00102370070F03B401F007FF0048090
:20D6E0003B401FF0910000F6D9FFD49509F0C4087F0F0780910000F6D9FFD495ACF2910007
:20D7000000F6D9FF0070BB00CCFF9BBF19F091000026D922D4950920C4084B0F01029AC01B
:20D720003BE03400A29042904B0F010291000026D922D495092FC808A2F074F0910000F699
:20D74000D9FF007054FF3B80BB003FF00900910000F6D9FF007054FFFF4F2100910000F668
:20D76000D9FF007054FFFF4F0400DA043C12910000F6D9FF007054FF3B80BB007FF0050084
:20D780003B80BBF03C06910000F6D9FF007054FF910000F6D9FF007074FF910000F6D9FF1E
:20D7A0003C60BB00CCFF9BBF19F091000026D922D4950920C4084B0F0102C2C0910000263E
:20D7C000D9220070542F91000026D922D4950921C808421F4BF001025A9074FF910000F6C3
:20D7E000D9FF3C6054F0DA2B7FF00400DA2B3C12910000F6D9FF3C6054FF3BF03F007FF07F
:20D8000005003BF03FF03C06910000F6D9FF3C6054FF910000F6D9FF3C6074FF910000F624
:20D82000D9FFD49509F0C208910000F6D9FF007054FF910000F6D9FFD49509F1C808421FCF
:20D84000C2EF7F0F1400910000F6D9FFD49591000026D9220070542F91000026D922D495ED
:20D860000920C808420FC2EFACF13B002FF0A29F82204B0F0122910000F6D9FFD495885FA7
:20D88000022032507F0F0500022032503C0F910000F6D9FFD495885F7FF2040002203C06DA
:20D8A000910000F6D9FFD4958850910000F6D9FFD495A8509A12370050003250420F370FBC
:20D8C00070A03B001EF0A2BF82204B0F0102910000F6D9FFD495886F020232527F2F050095
:20D8E000020232523C0F910000F6D9FFD495886F7FF0040002023C06910000F6D9FFD49515
:20D900008862910000F6D9FFD495A8629A4037025000420F370F70E03BB0014082156D00D1
:20D920003C06821402A56D003806822402E56D003406823402B56D003006824402956D00AF
:20D940002C068254910000F6D9FF3C6054FF370F70506D0022068264910000F6D9FF007021
:20D9600054FF370F70506D0018063BA000403B4016506D0012063B8000403BB01B506D0084
:20D980000C063B9000403B901D506D000606910000F6D9FFD49509FFC008EE0B3BB00040FD
:20D9A000910000F6D9FFD49509F5C2086D00F5053BD000403B003350A6856D00EE053B1091
:20D9C00003403B7002506D00E8053B2003403BA001506D00E2053B30034082556D00DD05BB
:20D9E0003B500340910000F6D9FFD49509F5CE086D00D3053B4032F15FDF92803B900C4073
:20DA000002A56D00CA053BA00C4002E56D00C5053BB00C4002B56D00C0053BC00C400295E0
:20DA20006D00BB053BD00C40910000F6D9FF3C6054FF370F70506D00B0053BE00C409100F4
:20DA400000F6D9FF007054FF370F70506D00A5053B100D403B4016506D009F053BF00C4017
:20DA60003BB01B506D0099053B000D403B901D506D009305910000F6D9FFD49509FFC008E8
:20DA8000EE0B3B200D40910000F6D9FFD49509F5C2086D0082053BE000403B003350A6851D
:20DAA0006D007B053B9003403B7002506D0075053BA003403BA001506D006F053BB003402E
:20DAC00082556D006A053B600340910000F6D9FFD49509F5CE086D00600586E876883B2080
:20DAE00007403B0001506D0058053C063B20074082056D0052053BF000403B1010506D00D7
:20DB00004C053B7004403B1008506D0046053B800440BBC0FE5F6D0040053C133BF0004027
:20DB20003B1001506D0039053B7004403B1008506D0033053B800440BB70FE5F6D002D0541
:20DB400082743B8038506D0028053BC001403B3030506D0022053BC0024082356D001D05B4
:20DB6000910000F6D9FFD49509FFC008EE073BF00A4082056D0011053C583B500A4091009F
:20DB800000F6D9FFD49509F5C0086D0006053B600A4082256D0001053B800A4082256D00F8
:20DBA000FC04910000F6D9FFD49509FFC608910000F6D9FFD49509F0C808E20F82404B0F29
:20DBC00001027B1000F07FF01300910000F6D9FFD49509FFC608910000F6D9FFD49509F0E6
:20DBE000C808E20F82404B0F01023C03BBF0FF0F3B000B40370070506D00CF043BE00A402B
:20DC00003B4001506D00C9043BF00A403B1010506D00C3043BD00A40910000F6D9FFD4958D
:20DC200009F5C2086D00B9043BE00F40BBD0EA5D6D00B30402C23C01009082088209820B5F
:20DC4000820A910000F6D9FFFC85DA5C2CF8910000F6D9FFFC8509400A0989F00A099100A5
:20DC600000F6D9FFFC85544074F0910000F6D9FFFC854C416CF1910000F6D9FFFC85094268
:20DC80009009E84291000026D922FC85CC45EC25910000F6D9FFD4958C53B4FF910000F68B
:20DCA000D9FFD4958C55ACF1910000F6D9FFD4958C57ACF2910000F6D9FFD4958C59ACF310
:20DCC000910000F6D9FFD4958C5BACF4910000F6D9FFD4958C5DACF5910000F6D9FFD495DB
:20DCE0008C5FACF6910000F6D9FFD495095FA208ACF7910000F6D9FFD495095FA608ACF997
:20DD00003BE00F40BBF0EE5B6D005B043BC0004082356D0056043BA000406D0041183BC044
:20DD2000004082056D004D043BC0004082056D0048043BC0004082056D0043043BA0004052
:20DD40006D002E18820C82046DFFB7FA022D3B4032F13ED73B1031F13ED43B3031F17ED2A1
:20DD60003C0D3BA000406D001B18C21A370A68A0BFAA0480821C3C023CE7DF0C0B84910083
:20DD800000F6D9FFD49509F0C808DA783F0F0D00910000F6D9FFD49509FFC808534F20B0C4
:20DDA0008F2840813C28910000F6D9FFD49509F0C808DAF03F0F0D00910000F6D9FFD49509
:20DDC00009FFC808532F20B08F1840813C14910000F6D9FFD49509FFC8083B001E003FF039
:20DDE0000B80910000F6D9FFD49509FFC808531F20B08208910000F6D9FFD49509F0C6089D
:20DE0000DABC3F0F0D00910000F6D9FFD49509FFC608534F20908F8840813C28910000F65E
:20DE2000D9FFD49509FFC6083B8017003FF00D00910000F6D9FFD49509FFC608532F2090ED
:20DE40008F4840813C13910000F6D9FFD49509FFC6083B002F003FF00A80910000F6D9FFBB
:20DE6000D49509FFC608531F2090910000F6D9FF3C603BE034F0A29F74FF3B4032F15FDF77
:20DE8000C5808274BB8038586D009B03BB00CC0F9BB01900910000F6D9FFD49509FFC808D7
:20DEA000C22F910000F6D9FF3C6054F142918242031F0AF24BF00102370070F03B401F000D
:20DEC0007FF004803B401FF0910000F6D9FFD49509F0C4087F0F0780910000F6D9FFD4955B
:20DEE000ACF2910000F6D9FF0070BB00CCFF9BBF19F091000026D922D4950920C4084B0F62
:20DF000001029AC091000026D9223C60542042904B0F010291000026D922D495092FC80890
:20DF2000A2F074F0910000F6D9FF007054FF3B00E2073FF00900910000F6D9FF007054FF4B
:20DF4000FF2F2100910000F6D9FF007054FFFF2F0400DA023C12910000F6D9FF007054FFD2
:20DF60003B00E2077FF005003B00E2F73C06910000F6D9FF007054FF910000F6D9FF0070C2
:20DF800074FF910000F6D9FF3C60BB00CCFF9BBF19F091000026D922D4950920C4084B0FC0
:20DFA0000102C2C091000026D9220070542F91000026D922D4950921C808421F4BF0010283
:20DFC0005A9074FF910000F6D9FF3C6054F0DA3D7FF00400DA3D3C12910000F6D9FF3C60BB
:20DFE00054FF3BF03F007FF005003BF03FF03C06910000F6D9FF3C6054FF910000F6D9FFA7
:20E000003C6074FF1D00BA00BB00CC0F9BB01900910000F6D9FFD49509FFC808C24F3BE054
:20E020003410A29142918242031F0AF24BF00102370070F03B401F007FF004803B401FF0C8
:20E04000910000F6D9FFD49509F0C4087F0F0780910000F6D9FFD495ACF2910000F6D9FF59
:20E060000070BB00CCFF9BBF19F091000026D922D4950920C4084B0F01029AC03BE0340031
:20E08000A29042904B0F010291000026D922D495092FC808A2F074F0910000F6D9FF007037
:20E0A00054FF3B80BB003FF00900910000F6D9FF007054FFFF4F2100910000F6D9FF0070FF
:20E0C00054FFFF4F0400DA043C12910000F6D9FF007054FF3B80BB007FF005003B80BBF0FD
:20E0E0003C06910000F6D9FF007054FF910000F6D9FF007074FF910000F6D9FF3C60BB00C4
:20E10000CCFF9BBF19F091000026D922D4950920C4084B0F0102C2C091000026D9220070C0
:20E12000542F91000026D922D4950921C808421F4BF001025A9074FF910000F6D9FF3C6050
:20E1400054F0DA2B7FF00400DA2B3C12910000F6D9FF3C6054FF3BF03F007FF005003BF059
:20E160003FF03C06910000F6D9FF3C6054FF910000F6D9FF3C6074FF910000F6D9FFD495AA
:20E1800009F0C208910000F6D9FF007054FF910000F6D9FFD49509F1C808421FC2EF7F0F68
:20E1A0001400910000F6D9FFD49591000026D9220070542F91000026D922D4950920C808CA
:20E1C000420FC2EFACF13B002FF0A29F82204B0F0122910000F6D9FFD495885F0220325093
:20E1E0007F0F0500022032503C0F910000F6D9FFD495885F7FF2040002203C06910000F68E
:20E20000D9FFD4958850910000F6D9FFD495A8509A12370050003250420F370F70A03B008E
:20E220001EF0A2BF82204B0F0102910000F6D9FFD495886F020232527F2F050002023252EE
:20E240003C0F910000F6D9FFD495886F7FF0040002023C06910000F6D9FFD49588629100B8
:20E2600000F6D9FFD495A8629A4037025000420F370F70E03BB0014082156D00A2018214AA
:20E2800002A56D009E01822402E56D009A01823402B56D009601824402956D009201825492
:20E2A000910000F6D9FF3C6054FF370F70506D0088018264910000F6D9FF007054FF370FC6
:20E2C00070506D007E013BA000403B4016506D0078013B8000403BB01B506D0072013B90B4
:20E2E00000403B901D506D006C01910000F6D9FFD49509FFC008EE0B3BB00040910000F689
:20E30000D9FFD49509F5C2086D005B013BD000403B003350A6856D0054013B1003403B70FC
:20E3200002506D004E013B2003403BA001506D0048013B30034082556D0043013B5003404B
:20E34000910000F6D9FFD49509F5CE086D0039013B4032F15FDF92803B900C4002A56D0061
:20E3600030013BA00C4002E56D002B013BB00C4002B56D0026013BC00C4002956D002101D6
:20E380003BD00C40910000F6D9FF3C6054FF370F70506D0016013BE00C40910000F6D9FF88
:20E3A000007054FF370F70506D000B013B100D403B4016506D0005013BF00C403BB01B5062
:20E3C0006D00FF003B000D403B901D506D00F900910000F6D9FFD49509FFC008EE0B3B20BF
:20E3E0000D40910000F6D9FFD49509F5C2086D00E8003BE000403B003350A6856D00E10059
:20E400003B9003403B7002506D00DB003BA003403BA001506D00D5003BB0034082556D00AB
:20E42000D0003B600340910000F6D9FFD49509F5CE086D00C60086E876883B2007403B0016
:20E4400001506D00BE003C063B20074082056D00B8003BF000403B1010506D00B2003B70D0
:20E4600004403B1008506D00AC003B800440BBC0FE5F6D00A6003C133BF000403B1001505C
:20E480006D009F003B7004403B1008506D0099003B800440BB70FE5F6D00930082743B80A0
:20E4A00038506D008E003BC001403B3030506D0088003BC0024082356D008300910000F652
:20E4C000D9FFD49509FFC008EE073BF00A4082056D0077003C583B500A40910000F6D9FF8E
:20E4E000D49509F5C0086D006C003B600A4082256D0067003B800A4082256D0062009100A8
:20E5000000F6D9FFD49509FFC608910000F6D9FFD49509F0C808E20F82404B0F01027B10C2
:20E5200000F07FF01300910000F6D9FFD49509FFC608910000F6D9FFD49509F0C808E20F49
:20E5400082404B0F01023C03BBF0FF0F3B000B40370070506D0035003BE00A403B40015054
:20E560006D002F003BF00A403B1010506D0029003BD00A40910000F6D9FFD49509F5C20864
:20E580006D001F003BE00F40BBD0EA5D6D00190002C23C010090025F91000046D944E485DE
:20E5A0008F8F3F506D006E2291000046D944E4853B000F40370F68506D0064220090025FE8
:20E5C00091000046D944FC858F8F3F506D005A2291000046D944FC853B000F40370F685033
:20E5E0006D00502200902010DA0089AF0609910000F6D9FF107014FFDF0FB8003C0A9100EC
:20E600000046D944E89549A50A0A82146DFFEBF3823449A40A0A6D00CD2DDF02F2FF0CAA92
:20E620003BA000005F0FA280DA0689AF060991000046D944E89549A5000A49A6060A82144A
:20E640006DFF1DF249A4030A91000058D955C13282346DFF3BEEDF022480910000F6D9FF0C
:20E660000C7014FF9E2C910000F6D9FF0C70DA0134FF91000046D944E8956DFFA3F389A2BA
:20E68000060991000046D944E89591000056D955C0C549A6060A82046DFFF1F13C5A49A40A
:20E6A000030A91000058D955C53282346DFF0EEEDF022480910000F6D9FF087014FF9E2CE8
:20E6C000910000F6D9FF0870DA0134FF91000046D944E8956DFF76F389A2060991000046FE
:20E6E000D944E89591000056D955C0A549A6060A82046DFFC4F13C2D49A4030A9100005814
:20E70000D955C93282346DFFE1EDDF022380910000F6D9FF147014FF9E2C910000F6D9FF3D
:20E720001470DA0134FF91000046D944E8956DFF49F389A2060991000046D944E8959100F2
:20E740000056D955C0E549A6060A82046DFF97F191000046D944E8956DFF1EF1910000F6A4
:20E76000D9FF0470DA0134FF00908208820A82093C130290C21937097090DAFF7F0F048027
:20E7800082183C0D3BF000406D00A901022A3BA000406D000513DA6B5FAFEDFF02823C0148
:20E7A000009020083B80024049A4000A82656D00C601910000F6D9FF18700CA18F8F20F0D0
:20E7C00014A0A60FB4FF910000F6D9FF1C700CA38F8F20000CA2A6F0B4F0910000F6D9FFFE
:20E7E00020700CA58F8F20000CA4A6F0B4F0009020083B20024049A4000A82656D009F0170
:20E80000910000F6D9FF24700CA18F8F20F014A0A60FB4FF910000F6D9FF28700CA38F8F4A
:20E8200020000CA2A6F0B4F0910000F6D9FF2C700CA58F8F20000CA4A6F0B4F0009020103C
:20E8400082083BA000406D00AB128270B4A0DA0CACA23B3019F0ACA482048205BB00686912
:20E860009B86096082076D0069223BD028408215820682376D00BF19821482056D009001E2
:20E880003B20014082156D008B0182246D008812821482056D0084016DFF69FFDF021200C9
:20E8A000820491000048D944CD3291000058D955F5323B200F506DFF50EE82181D000C0177
:20E8C0003BD0004082356D006B018220DA00BE0A82115F01280082215F013500DA035F0F7B
:20E8E00042003C01820491000048D944E14291000058D955F5323B2010506DFF2EEE8218DF
:20E900003C413B0001403B0003506D004901910000F6D9FF30703B0020F19B0F68F474FFF5
:20E920003C313B0001403B8003506D003901910000F6D9FF30703B0040F19B0F60F474FF5D
:20E940003C213B0001403BC003506D002901910000F6D9FF30703B0000F19B0F58F474FF65
:20E960003C113B0001403B4003506D001901910000F6D9FF30703B0000F19B0F50F474FFED
:20E980003C01DF1804801D00A700DA0482005F0F210082105F0F2E0082205F0F3B008230E1
:20E9A0005F0F480082405F0F550082505F0F62003C01820491000048D944C85291000058BE
:20E9C000D955F5323BA012506DFFC7ED82183C613B1001403B2005506D00E200910000F63C
:20E9E000D9FF3070BBA099F99B4F36F46CF13C513B1001403B0005506D00D200910000F6D2
:20EA0000D9FF3070BBA099F99B4F2EF46CF13C413B1001403B4005506D00C200910000F699
:20EA2000D9FF30703B6066F69B4F26F46CF13C313B1001403B8005506D00B200910000F657
:20EA4000D9FF3070BBD0CCFC9B4F1EF46CF13C213B1001403BC005506D00A200910000F6C3
:20EA6000D9FF3070BBD0CCFC9B4F16F46CF13C113B1001403B1005506D009200910000F67B
:20EA8000D9FF30703B3033F39B3F0EF46CF13C01DF1803803C203B2001403B4004506D0049
:20EAA0007F003B30014082256D007A003B40014082056D0075003B50014082056D00700048
:20EAC0003B60014082056D006B003B80014082156D00660002823C0100900248DA006E0AA8
:20EAE0003BD028406D00FD17B0423B0000F2742F3C093BD028406D00F417B0427B0000F2D1
:20EB0000742F82048F0848516D00F3260228DA016E0A3BD028406D00E417B0423B0000F29F
:20EB2000742F3C093BD028406D00DB17B0427B0000F2742F02823C0100900248404F025994
:20EB4000DA006E0A3BD028406D00CB17B0423B0000F2742F3C093BD028406D00C217B042EF
:20EB60007B0000F2742F82048F08485140F402966D000727DA016E0A3BD028406D00B1176D
:20EB8000B0423B0000F2742F3C093BD028406D00A817B0427B0000F2742F00900B45108855
:20EBA000DA006E0A3BD028406D009B17B0423B0000F2742F3C093BD028406D009217B042EF
:20EBC0007B0000F2742F8204028502966D005028DA016E0A3BD028406D008317B0423B00A1
:20EBE00000F2742F3C093BD028406D007A17B0427B0000F2742F00903B00C0F70FF48000C3
:20EC0000BB0000F8264F8F0F0120DA003E053B00C0F7BE0B3C23B70416F5EE023C29861F16
:20EC20003C07861F370F70F0C210370070006FAFFA7F8B0007018F700100B70F16F58FDF64
:20EC400000F0420242F23C147B00F8F7422FB70416058FD0002042F23C0BB70491F782701C
:20EC60008FE00000420F8FDF00F042F23C0100906D00030000902008910000F6D9FF1006D8
:20EC800014FFDF6F7A0049AF000A3B0008406D0075003B7001403B0002506DFF81FF822427
:20ECA0003B1003506DFF7CFFDA003C0E3B8000408BCF04506DFF74FF10FC3B9000406DFFA0
:20ECC0000EFF34C2C21FBF8FF3FF3B70014082056DFF66FF82046D00510091000046D94494
:20ECE000000649A5000A6D004E0091000046D944000691000056D955148091000066D96682
:20ED0000108091000076D97718806D008F0049AF000A3B800240826540F46DFF10FF910052
:20ED20000026D922387094FFB42F910000F6D9FF3C708CA1B4FF910000F6D9FF00808CA29C
:20ED4000B4FF49AF000A3B200240826540F46DFFF6FE91000026D922048094FFB42F9100A9
:20ED600000F6D9FF08808CA1B4FF910000F6D9FF0C808CA2B4FF0090024582146DFF10FFA9
:20ED800000902010404F405C09C4C0086DFF36FF74A209C4C2086DFF31FF89A2040909C404
:20EDA000C4086DFF2BFF89A2080909C4C6086DFF25FF89A20C0909A00C0909A10C0909A222
:20EDC000080909A3080954A454A509A6040958014BF641F06B5461FF6B3261FF6B10614FA6
:20EDE0006DFF3EEA3BF026F19B3FA8F34BF201F0370F61F16E19580382004B0F01F0AE02A3
:20EE00003C036722BF2F58014B2F51F074FF58024B2F51F06CF154AF4B2F51F06CF25803CC
:20EE20004B2F51F06CF300902010404F405C406D407E54FF54F04B0F4180481F48104B0F97
:20EE40004100482F48214B1F41904811483254F3482F4BF341F06B2161FF7B0000144B1F71
:20EE600041407B00F8F36B0821007B0000146B10715F6DFFEED474A254F0483F4BF04100B2
:20EE8000481F48216B1F71F07B0000044B0F41406DFFB2D46722BFFF780154F048114822A4
:20EEA000483F4BF241F06B1061FF7B0000044B0F41407B00F8F36B0921087B0000146B101B
:20EEC000715F6DFFC6D489A2080954AF7B4033044B0F41F03BA0FD009B9004044B0F51F0FA
:20EEE00074AF58017B4033044B0F41F03BA0FD009B9004044B0F51F0780158027B403304AE
:20EF00004B0F41F03BA0FD009B9004044B0F51F07802580282004B0F01F0AE0358023C06D2
:20EF200058027B403B046B0021FF780254A074C009A0040974D074EF0090910000F6D9FF04
:20EF4000308009FFC008532F20406DFF17E4402CDA006E093B201E406D00C315B042DA045D
:20EF6000742F3C093B201E406D00BB15B0427B4000F0742F82048205910000F6D9FF308057
:20EF800009FFC008C2FF370F7060910000F6D9FF288009FFC008C2FF370F70706D0000049B
:20EFA00082003C0C532020F010CF91000026D9221C80092FC008B4FFC210910000F6D9FFF3
:20EFC000308009FFC0083FF0EFFFDA003C0C8224910000F6D9FF308009F5C00840C46D0086
:20EFE000A225C21F910000F6D9FF288009F0C0083F0FEFFFDA016E093B201E406D00711567
:20F00000B042DA04742F3C093B201E406D006915B0427B4000F0742F40C46DFF31D700904C
:20F02000201849A4000A6DFF8AECDA01B4AF910000F6D9FF308009FFC008ACA1910000F6CE
:20F04000D9FF288009FFC008ACA2910000F6D9FF248014FF82003E0682103E0982203E0C71
:20F060003C0CDA062CA6DA082CA73C07DA082CA6DA102CA73C023C01911000F8D9FFE67FDC
:20F08000F803911000F8D9FFFACEF80449A4000A6DFF19EC00902008024F0B561088027A5A
:20F0A00009ABC808910000F6D9FF308009F0C0080B0F304191000048D944F0523B70195025
:20F0C0006DFFC4E9910000F6D9FF288009F0C0080B08304191000048D944F0523B8019506F
:20F0E0006DFFB4E9910000F6D9FF308009F0C0080B09304191000048D944F0523B90195046
:20F100006DFFA4E9910000F6D9FF288009F0C0080B0A304191000048D944F0523BA019502C
:20F120006DFF94E97F9F0580821074A03C0382F074A07FA80480821E3C0282FEBE910BA8CD
:20F1400080004B00410152914B0141114B1051D04B0861014B0F61116BD171C03C123C0924
:20F160000B98104802B66D00530042E8370870805FA8F8FF0B9A104802B66D0049003C46D8
:20F180000BA880000E040BA880003C040BA88000325052910E1352913C03529132517F01F6
:20F1A0001D003C130BF8104802B66D00310042E8370870804B0861F16B0C31FF4BDF5140D2
:20F1C0006DFFBEC8370270F05FA8EEFF0BFA104802B66D001D003C1A3C120BF8104802B65A
:20F1E0006D00160054A0420F370F70F04B0F61016BD0614C6DFFA4C8370270805F9FEFFF10
:20F200000B98104802B66D00030000900B451088026A910000F6D9FF308009FFC0080BF805
:20F22000304191000048D944F0523BF017506DFF0DE9910000F6D9FF288009FFC0080BF956
:20F24000304191000048D944F0523B0018506DFFFDE8DA006E093B201E406D004214B04252
:20F26000DA04742F3C093B201E406D003A14B0427B4000F0742F0B8910480B8910686D00AF
:20F280008F02822402A56D001524DA016E093B201E406D002614B042DA04742F3C093B2025
:20F2A0001E406D001E14B0427B4000F0742F00900248910000F6D9FF308009FFC008532FD6
:20F2C00020406DFF5BE2402CDA006E093B201E406D000714B042DA04742F3C093B201E40B6
:20F2E0006D00FF13B0427B4000F0742F82048205910000F6D9FF308009FFC008C2FF370F5C
:20F300007060910000F6D9FF288009FFC008C2FF370F70706D00440282003C06532020F065
:20F3200010CFB4F8C210910000F6D9FF308009FFC0083FF0F5FFDA003C0C8224910000F61F
:20F34000D9FF308009F5C00840C46D00EC23C21F910000F6D9FF288009F0C0083F0FEFFFFA
:20F36000DA016E093B201E406D00BB13B042DA04742F3C093B201E406D00B313B0427B40F6
:20F3800000F0742F40C46DFF7BD500902010DAD3B4AFDAD9ACA23B3019F0ACA48224820558
:20F3A000BB0070689B3639603BE00C706D00C61C3B001E408215820682376D001C143B1011
:20F3C0001E408215820682376D0015143B201E408215821682376D000E143B401E408215C1
:20F3E000821682376D000714910000F6D9FF208014F46D00A601910000F6D9FF2C8009F411
:20F40000C008910000F6D9FF1C8009F5C0086D008D01DA006E093B101E406D006213B0429A
:20F42000DA02742F3C093B101E406D005A13B0427B2000F0742F82546D00B20CDA016E0912
:20F440003B101E406D004D13B042DA02742F3C093B101E406D004513B0427B2000F0742FF2
:20F460003B8007406D009C0CDA006E093B201E406D003713B042DA04742F3C093B201E4043
:20F480006D002F13B0427B4000F0742F3B1001406D0001053B6003406D00FD04910000F6AB
:20F4A000D9FF208014FF82003E0882103E0C8220BE008230BE033C1882243B000A506D004E
:20F4C0007A233C1282243B0007506D0074233C0C822482056D006F233C0782243B000C5011
:20F4E0006D0069233C013BA003406D00D404822482556D0060233B200B406D00CC0482247D
:20F500003BC000506D00572382243BC000506D005223822482056D004E2382243B30035077
:20F520006D00492382243B3003506D0044233B700B406D00B00482243B5003506D003B2354
:20F540003BB00B406D00A70482243B7003506D0032233B000C406D009E0482243BC002506E
:20F560006D0029233B200C406D009504822482156D0021233B300C406D008D0482243B2081
:20F5800001506D0018233B400C406D00840482243B0002506D000F233B600C406D007B0411
:20F5A00082243BF000506D0006233B000D406D00720482243B400A506D00FD2282243B1031
:20F5C0000A506D00F8223B000E406D00640482243B000D506D00EF22822482456D00EB2249
:20F5E00082243BD000506D00E62282243B1001506D00E12282243B3001506D00DC22822470
:20F600003BB002506D00D72282243BF003506D00D22282243B4005506D00CD2282243BC04F
:20F6200004506D00C82282243B8001506D00C32282243BD000506D00BE2282243BB00050EC
:20F640006D00B92282243BF001506D00B42282243B3002506D00AF223B100E406D001B0437
:20F6600082243B000D506D00A622822482456D00A22282243BC000506D009D2282243B106B
:20F6800001506D00982282243B3001506D00932282243BC002506D008E2282243BF003503A
:20F6A0006D00892282243B4004506D00842282243B1005506D007F2282243BF002506D00C6
:20F6C0007A2282243BF001506D00752282243BF001506D00702282243B0002506D006B221A
:20F6E00082243B3002506D0066223B1002406D00D2033B9002406D00CE03DA016E093B20EB
:20F700001E406D00EE11B042DA04742F3C093B201E406D00E611B0427B4000F0742F6DFF9E
:20F720000EFC6DFF7FFC0090910000F6D9FF2C80B4F4910000F6D9FF1C80B4F500909100D0
:20F7400000F6D9FF208034F4DA003E48DA013E46DA02BE41DA033E4F3C1B910000F6D9FF59
:20F760003080DAF0B4FF910000F6D9FF2880DA87B4FF3C0E910000F6D9FF3080DA87B4FFD4
:20F78000910000F6D9FF2880DAF0B4FF3C010090910000F6D9FF248034F400900B45108875
:20F7A0000B6710A8910000F6D9FF308009FFC0080BF8304191000048D944F0523B200B50DE
:20F7C0006DFF44E6910000F6D9FF288009FFC0080BF9304191000048D944F0523B300B5049
:20F7E0006DFF34E6910000F6D9FF308009FFC0080BFA304191000048D944F0523B400B5020
:20F800006DFF24E6910000F6D9FF288009FFC0080BFB304191000048D944F0523B500B5006
:20F820006DFF14E6910000F6D9FF208014F0DA003E0CDA015F0F3300DA025F0F5900DA033F
:20F840005F0F7F001D00A6003BA002406D00230382248B8802F0370F70506D002B21822438
:20F860008B8A02F0370F70506D0024213BB002406D00110382248B4903F0370F70506D003B
:20F88000192182248B4B03F0370F70506D0012213BC002406D00FF023C7C3BA002406D002C
:20F8A000FA0282248B8802F0370F70506D00022182248B8A02F0370F70506D00FB203BB0E5
:20F8C00002406D00E80282248B5903F0370F70506D00F02082248B5B03F0370F70506D009D
:20F8E000E9203BC002406D00D6023C533BA002406D00D10282248B4803F0370F70506D00B2
:20F90000D92082248B4A03F0370F70506D00D2203BB002406D00BF0282248B8902F0370FCE
:20F9200070506D00C72082248B8B02F0370F70506D00C0203BC002406D00AD023C2A3BA018
:20F9400002406D00A80282248B5803F0370F70506D00B02082248B5A03F0370F70506D009E
:20F96000A9203BB002406D00960282248B8902F0370F70506D009E2082248B8B02F0370FBB
:20F9800070506D0097203BC002406D0084023C01009049AA00CA0B451088026A910000F6EE
:20F9A000D9FF308009F0C0080B08304191000048D944F0523B601D506DFF48E5910000F61A
:20F9C000D9FF288009F0C0080B09304191000048D944F0523B701D506DFF38E5DA006E0937
:20F9E0003B201E406D007D10B042824074203C093B201E406D007510B0427B4000007420DB
:20FA0000910000F6D9FF248014F0DA003E09DA015F0F4D00DA025F0FC4001D00C3009A5848
:20FA2000370F70609A79370F70700B8910486DFFB7FE82003C318B0A1EF0536F20F0910075
:20FA400000F8D9FF5E0210FF01F000F614F182023C206F011000DA0603F20AF0532F20F0BA
:20FA600010AF91000026D9222C80092FC008B4FF3C0EDA0603F20AF0532F20F010AF9100BB
:20FA80000026D9221C80092FC008B4FF86F1C212BF82E1FFC210BF60D0FF822449A4000A2D
:20FAA0003B0003506D003F203C7C9A78370F70608BF900F0370F70700B8910486DFF70FEAC
:20FAC00082033C648B0A1E00530021F0910000F8D9FF469210FF01F300F614F08B0A1E10F1
:20FAE000530121F0910000F8D9FF469210FF01F300F6088482013C206F001000DA0803F1AF
:20FB00000A23532220F010AF91000026D9222C800922C008B4F23C0EDA0803F10A235322BB
:20FB200020F010AF91000026D9221C800922C008B4F286F0C211BF81E1FF82003C246F0451
:20FB40001200DA0803F00A138B0104F0532F20F010AF91000026D9222C80092FC008B4FFBF
:20FB60003C10DA0803F00AF38B0F04F0532F20F010AF91000026D9221C80092FC008B4FF87
:20FB800086F4C210BF80DDFFC213BF839DFF822449A4000A3B0008506D00C51F3C023C014F
:20FBA000DA016E093B201E406D009B0FB042DA04742F3C093B201E406D00930FB0427B40F6
:20FBC00000F0742F00900B451088404C0B6710A809ACC00809ADC40809AE4808910000F6D7
:20FBE000D9FF308009F0C0080B08304191000048D944F0523BE02F506DFF28E4910000F667
:20FC0000D9FF288009FFC0080BF9304191000048D944F0523BF02F506DFF18E4A00F01CF56
:20FC2000104491000048D944F0523B0030506DFF0DE4532C20406DFFA1DD402DDA006E0999
:20FC40003B201E406D004D0FB042DA04742F3C093B201E406D00450FB0427B4000F0742FB0
:20FC60001AC8C2FF370F70601AD9C2FF370F70700B8910486DFF94FD82083C3D73B80AF0E0
:20FC80004BDF110273A00AF010CF82023C2C73A20AF04BCF110201F000261420DF0E158046
:20FCA0008FD03FF0161F8FBF20108FE03FF0163F865FA6F186D08FF001F1A6F1532220F0B1
:20FCC00010D2B4213C0F7FE00880532220F010D2DA00B42F3C07532220F010D2BBF0FFFFC4
:20FCE000B42FC2123FC2D5FF822440D402C56D001A1FC2183FD8C4FFDA016E093B201E4092
:20FD00006D00EF0EB042DA04742F3C093B201E406D00E70EB0427B4000F0742F40D46DFFE6
:20FD2000AFD0009020100B4510A80269027C910000F6D9FF308009F0C0080B0A30419100AC
:20FD40000048D944F0523BB024506DFF7FE3910000F6D9FF288009F0C0080B0B30419100EF
:20FD60000048D944F0523BC024506DFF6FE382000BC0304191000048D944F0523BD024503A
:20FD80006DFF64E3DA0A0BCF504191000048D944F0523BE024506DFF59E3DA0149A4000A20
:20FDA00082043BC000506DFF9EDD49A4000A3B0002408B1C00506DFF96DDFFAC0A803C04CC
:20FDC00053AF20F0C2FCFF1CFDFF4BF9018249A4000A02946DFFD2E849A4000A0BAB1048BD
:20FDE0006D00030000900B451088404C910000F6D9FF308009FFC0080BF830419100004863
:20FE0000D944F0523BD022506DFF20E3910000F6D9FF288009FFC0080BF930419100004872
:20FE2000D944F0523BE022506DFF10E3820A3C2C910000F6D9FF248014F0DA003E07DA0182
:20FE4000BE0282215F011D003C1C8260030A0AF8370F704001CA00F609F6000802956DFFB8
:20FE60009AFD3C0FDA0803FA0AF8370F704001CA00F609F6000802956DFF8DFD3C023C01F9
:20FE8000C21A370A70A001CA00F609FF0008EED100900248DA006E093B001E406D00210E45
:20FEA000B042DA01742F3C093B001E406D00190EB0427B1000F0742F822402856D007B1E1D
:20FEC000DA016E093B001E406D000B0EB042DA01742F3C093B001E406D00030EB0427B1068
:20FEE00000F0742F009082746D009E07911000FF8270534020F010F2534020F010FF39FFB6
:20FF0000C0819601E92FC08182046DFFF7A94924240A827491000057D95528E08245821610
:20FF20003B0082756D009C0782746D008B07009082646D007907911000FF8260534020F002
:20FF400010F2534020F010FF39FFC0819601E92FC08182246DFFD2A94924240A82649100E5
:20FF60000057D95588F53B80005082163B0082756D00FB0882646D00650700900248820916
:20FF80006DFF44E8022A3B800C406D000907910000F7D9FF1CD034F8DA003E89DA015F8F37
:20FFA0006400DA025F8FBE001D007701824491100048D94424A0A005A0066D0006039100DE
:20FFC0000047D94438D082043B0032503BD042603B4040706D00991491000047D94438D083
:20FFE00091100057D95528FB6DFF7BE9DF021100820491000048D944DA6291000058D95527
:02000004800179
:20000000F4623B5018506DFFA8E282193C2B82046DFF74A94924240A910000F7D9FF14D0B1
:2000200091000057D95528E03B0082456DFFADE834F2911000FF8270530022F010F253002D
:2000400022F010F439411302530022F010FF39FF1302370F62F1B70F81F037F102F1E92F37
:2000600013021D001B01825491100048D9447400A005A0066D00A90291000047D94410E09A
:2000800082043B0032503B101A603B001A706D003C1491000047D94410E091100057D955CB
:2000A00028FB6DFFCCEDDF021100820491000048D944E67291000058D955F4623BB0195071
:2000C0006DFF4BE282193C2B82246DFF17A94924240A910000F7D9FF18D091000057D955BA
:2000E00088F53B0082456DFF50E834F2911000FF8260530022F010F2530022F010F43941EB
:200100001302530022F010FF39FF1302370F62F1B70F81F037F102F1E92F13021D00BE0016
:20012000824491100048D94424A0A005A0066D004C0291000047D94438D082043B003250E9
:200140003BD042603B4040706D00DF1391000047D94438D091100057D95528FB6DFFC1E80D
:20016000DF021200820491000048D944DA6291000058D955F4623B201B506DFFEEE18219CB
:200180001D008A0082046DFFB9A84924240A910000F7D9FF14D091000057D95528E03B002D
:2001A00082456DFFF2E734F2911000FF8270530022F010F2530022F010F4394113025300C9
:2001C00022F010FF39FF1302370F62F1B70F81F037F102F1E92F130282046D00E1058254EA
:2001E00091100048D9447400A005A0066D00ED0191000047D94410E082043B0032503B106C
:200200001A603B001A706D00801391000047D94410E091100057D95528FB6DFF10EDDF0227
:200220001100820491000048D944E67291000058D955F4623B501C506DFF8FE182193C2B97
:2002400082246DFF5BA84924240A910000F7D9FF18D091000057D95588F53B0082456DFFA5
:2002600094E734F2911000FF8260530022F010F2530022F010F439411302530022F010FF88
:2002800039FF1302370F62F1B70F81F037F102F1E92F13023C023C0102A46DFFC7E602922B
:2002A0003C0100903B7042406D00950CDF023300910000F7D9FF1CD014FFDE2C910000F731
:2002C000D9FF24D014FF6E163B3014406D00830CDF021180910000F7D9FF24D0DA0034FF2D
:2002E0006DFF28FE910000F7D9FF20D0DA0234FF3C0F910000F7D9FF20D014FFEE096DFFFC
:20030000F4FD910000F7D9FF20D0DA0134FF1D009200910000F7D9FF20D014FFDF1F8B8073
:2003200082746D008105910000F7D9FF1CD014FFDE263B3014406D004E0C7628910000F7C5
:20034000D9FF24D0DA0134FF3C096DFFF3FD910000F7D9FF20D0DA0234FF3C036DFFC5FD56
:200360004DC0E1FF16073C01370F48406DFF80BE402F91000027D92230D0542FEE09484F8B
:200380003C01910000F7D9FF30D074FF3C42484F3C0191000027D92230D0542052048205F7
:2003A000FB803E606DFF32960B231088BCF16DFFE5B79130002F392F3506160F4B0F41F131
:2003C0004BF251F03C013C010B8910486DFF1CC04BF251F04B0F71F13B803E003F0F1A80D6
:2003E000484F3C01910000F7D9FF30D074FF910000F7D9FF28D091000026D9223480542F15
:20040000C2FF74FF910000F6D9FF3480DA0074FF910000F6D9FF348091000026D9223480CF
:20042000542FC21F74FF910000F7D9FF0CD0DA0134FF00903B3014406D00CD0BDF12338063
:20044000910000F7D9FF1CD014FFDE2C910000F7D9FF24D0081F6E163B7042406D00BB0BD4
:20046000DF021180910000F7D9FF24D0DA002CF16DFF3BFD910000F7D9FF20D0DA0134FFBD
:200480003C0F910000F7D9FF20D014FFEE096DFF51FD910000F7D9FF20D0DA0234FF1D0081
:2004A0009300910000F7D9FF20D014FFDF2F8C8082646D00B904910000F7D9FF1CD014FFBD
:2004C000DE263B7042406D00860B7628910000F7D9FF24D0DA012CF13C096DFF06FD9100BE
:2004E00000F7D9FF20D0DA0134FF3C036DFF22FD4DC0E1FF16073C01370F48406DFFB8BD6F
:20050000402F91000027D92230D04C21EE09484F3C01910000F7D9FF30D06CF13C43484FAE
:200520003C0191000027D92230D00920040952048205FB803E606DFF69950B231088BCF1C2
:200540006DFF1CB79130002F392F3506160F4B0F41F14BF251F03C013C010B8910486DFFC8
:2005600053BF4BF251F04B0F71F13B803E003F0F1A80484F3C01910000F7D9FF30D06CF1BD
:20058000910000F7D9FF28D091000026D9223880542FC2FF6CF1910000F6D9FF3880DA0007
:2005A00074FF910000F6D9FF388091000026D9223880542FC21F74FF910000F7D9FF10D030
:2005C000DA0134FF0090910000F6D9FF049034F4DF540400DF3424807C6691100068D9664A
:2005E00060903C01910000F6D9FF0C90F4F67C4691100048D94460903C01910000F6D9FF95
:200600001490F4F47C5691100058D95560903C01910000F6D9FF0090F4F53C227C6691106F
:200620000068D96660903C01910000F6D9FF0890F4F67C4691100048D94460903C0191007F
:2006400000F6D9FF1090F4F47C5691100058D95560903C01910000F6D9FF3C80F4F500908A
:2006600000902028404C0248A00F01CF104491000048D944C0823B5029506DFFE7DE820901
:2006800091000046D94414066DFF9CE3DF02200091000046D94414066DFF94E374A254A065
:2006A0007F08048002803C0254A074A091000046D944140649A6000A820440C56DFFDFE1A9
:2006C00054AF10CC54A0A20854A04209910000F6D9FF2C0614F0DF006B80910000F6D9FFA0
:2006E0002C06DA0134FF910000F6D9FF14064840DA203FF007803B803E406D002A017622A0
:200700003C50DA022CA4DA00ACA349A4040A3B0002406D00BF0009A04408DA903E0609A088
:200720004408DA915F0F398009AFC6086E35DF082A0009AFC6083FF8058009A4C6083C02A6
:20074000028474A449A5080A40C46DFF9AD854AF10CC54AFA2F854AF42F954AF09A0C608E5
:200760007F0F108091000046D944140654AF10AF49F5080A09A4C60854AFA2F46DFF33E3A5
:200780003C0B91000046D944140649A5080A09A4C6086DFF28E309A04408DA905F0FA57F21
:2007A000910000F6D9FF2C06DA0034FF02923C0100902028404F024991000026D9222C0634
:2007C000142FEE6491000026D9222C06821034203C2D3B80FF007F9005803B80FF003C020B
:2007E0000290370070803B803E406D00B20076223C1F49A5000A40F402846D006C0014A0B6
:20080000DA903E0414A0DA917E0E09AFC2086E0B91000046D944140649A5040A09A4C20805
:200820006DFFE1E2A28901F800F6DF09D4FF3C243B803E406D008D0076223C22DA0234AF6C
:20084000DA00ACA149A4000A3B0002406D00220014A0DA903E0414A0DA917E0E09AFC208E1
:200860006E0B91000046D944140649A5040A09A4C2086DFFB8E214A0DA905F0FDB7F910001
:2008800000F6D9FF2C06DA0034FF02923C010090404F024F3B202C406D002309B0427B40FD
:2008A000000074208234824540F440F56D00B7186E09823440F4B044B04F40F502F56D0095
:2008C000AE183B202C406D000C09B042DA04742F0090404C405F02483B202C406D00010953
:2008E000B0427B4000F0742FDA0234FFA8188234824540F440F56D009218DA207F8F128052
:200900008234B04F3B00025040C440F56D008718823449C4200A8B081E506D0070193C1020
:2009200040F4B04440C502846DFFABD7823440F4B04440F5B0453B0002506D0070183B2031
:200940002C406D00CE08B042DA04742F0090DA00534426803C093BA000406D004202C21FDC
:200960003F8F03803C073B801E406D003409DF02F47F0B8F50213C01009091000046D94400
:2009800030066DFF09E000902008404F024FA00201F2104491000048D944FA823B0043500B
:2009A0006DFF54DD74AF91000046D944300649A6000A820440F56DFF62E054A23C01009028
:2009C0002020404C0249A00F01CF104491000048D944FA823BB03B506DFF38DD3B00718296
:2009E000910000F8D9FFEC9249FF000A49A2000AC5041F0004FF242FFC4E910000F6D9FFEA
:200A0000081609FF5328DF1F6E80910000F6D9FF081609FF5128EE516DFFB1FF49A4000AF9
:200A200002946DFFABE23B0000F27F9F0A80822491000048D944CCA26D00541D3C08822480
:200A400091000048D944D9A26D004C1D910000F6D9FF081609FF52285E188224910000485B
:200A6000D944E5A26D003E1D822449A4000A6D00391D822491000048D944EBA26D00321DC5
:200A800091000048D944E8A23B0071426D003000DF0213806DFF73FF822440C402956D004B
:200AA0000C1D91000048D944E8A23B0071426D001F00F62282093C163C123C013B80424056
:200AC0006D0089087625028FC2F8FF1FF97F4E823C09822414C56D00FA1CB01C029FC2F95D
:200AE000EEED6DFF4CFF02923C0100902010404C02488219910000F8D9FFEC8249FF000A41
:200B000049A2000AA07404FF242FFC4EDA08780282146D004501DA08780291000046D94437
:200B2000300649A5000A49A6080A82146DFF70E049A4000A40C56DFFD5DBBC2382093C185E
:200B400049A4000A91000058D955F4826DFFCADB7C2A49A4000A91000058D955E7926DFF67
:200B6000C1DBBC2382193C04028FC2F8EED202923C0100902008404F024FA00201F21044C2
:200B800091000048D944EEA23B600C506DFF5EDC74AF91000046D9441C3649A6000A82044A
:200BA00040F56DFF6CDF54A23C010090404F0248A00201F2104491000048D944EEA23B20E3
:200BC00006506DFF43DC82093C263B8042406D000208DF021980DA1E3FF80E8082243BE09B
:200BE000015040F46D00691C49FF1E0A8B281E8082093C08822440F402856D005E1C82081C
:200C00003C0C3C09C219DA643FF903803C0682146D00C600DF08DBFF02823C0100900D0049
:200C2000000282046DFF02E29100004F82046DFF01BA910000F6D9FF1C90DA0034FF0D002A
:200C4000400200800D00000282046DFFEFE1C5F4004082046DFFEEB9910000F6D9FF209060
:200C6000DA0034FF0D004002008002484DC0E1FF16073C01370F48404DC0E20F3700E1071C
:200C80008B0020F23C013C01EE0D6DFFF1B9092010093C013C014C243C01A20F3F8FFDFF48
:200CA0003C3A82FF5F4F3700DA003E44DA01BE4A3C32910000F6D9FF1C90DA0134FF6DFF26
:200CC000A5E185FF100042F8A5F8300002246DFFADE13C01910000F6D9FF1C9014FFEEFB8F
:200CE0003C1A910000F6D9FF2090DA0134FF6DFF8DE185FF1040428FA5FF304002246DFF5C
:200D000095E13C01910000F6D9FF209014FFEEFB3C023C01009020104DC0E2FF370FE1F7CE
:200D20008B0F20823C010D00400300003C013C01820034A0DA002CA2DA1F2CA3DA002CA103
:200D4000DA017801DADCACA4DA002CAA9100004F49A5000A6DFFB7B99100004F82046DFF03
:200D600069B9DA0034AFDA002CA2DA1F2CA3DA002CA1DA017801DADDACA4DA012CAAC5F4B8
:200D8000004049A5000A6DFF9EB9C5F4004082046DFF50B976830D0000030090024FBB00BF
:200DA000C4097FF017803C0A3B0080429BB4E64E6DFF5DFFBB00C409A20FBB00C4093FF0E2
:200DC000F5FF3B50C3400654E2F46DFF50FF3C073B50C3400654E2F46DFF49FF0090024F10
:200DE0003B00A0059B2026007FF019803C0C3B0080429BB4E64E6DFF3AFF3B00A0059B2022
:200E00002600A20F3B00A0059B2026003FF0F1FF534F26406DFF2BFF3C05534F26406DFFC8
:200E200026FF0090911000FF534420F010F2534420F010FF39FFC2819602E92FC281009000
:200E4000911000FF534420F010F2534420F010FF39FFC2819601E92FC281009020500248DC
:200E6000404C405D0279025402656D001E0549A40C0A9110005F6DFFC99E49A4100A49A5B6
:200E80000C0A6DFF2A9F49A4140A49A5100A6DFF0A9FDA084BF911028B01004291000048FF
:200EA000D944DFB23BB005506DFFD0DA821C4BC911A23B0000047FA01D803C1A4BC9110251
:200EC000020A3B0000F43FAF06804BC91102F6123C10C21C370C68C0BFBC0B808204910082
:200EE0000048D944DFB23BC006506DFFAFDA3CE7DF1C0C80DA0089AF3E08DA0089AF320868
:200F0000DA0089AF22093C30DA0C89AF3E08DA0189AF3208910000F7D9FF000049FF200AA5
:200F200080FFB70F1C007B0000FDFE054DC0E1FF16073C01910000F7D9FF000049FF200ABC
:200F400080F0B7000C0AB770030E7B000011E21FA2F03C08910000F7D9FF000049FF200AE7
:200F600080F089A02209DA0089AF3108DA0089AF3308DA0289AF360880CFB70F1C007B0017
:200F800000FD7E0F4DC0E1FF16073C0180C0B7000C0AB770030E7B000011E21FA2F03C02DE
:200FA00080C089A01A09DA0089AF3A08DA0189AF3F08DA0089AF3B0889A81808DA0089AF3F
:200FC0003708DA0189AF0418DA0089AF8818DA0089AF0A1880DFB70F1C007B0000FD7E0F77
:200FE0004DC0E1FF16073C0180D0B7000C0AB770030E7B000011E21FA2F03C0280D089A07F
:201000001E0989AAAE0849A4000A49A5140A6DFFFF9DBF2C8F8082081D008A00738A0AF093
:2010200010DF80F0B7001C007B0000FDFE034DC0E1FF8F7F00013C01738A0AF010DF80FF67
:20104000B70F0CFAB77F03FE7B000011E210A20F3C05738A0AF010DF80FF89AF1E099AFCC3
:201060005F8F2680910000F7D9FF000080FFB70F1C007B0000FDFE034DC0E1FF16073C015B
:20108000910000F7D9FF000080F0B7000C0AB770030E7B000011E21FA2F03C06910000F792
:2010A000D9FF000080F089A022093C319A18530F22F0910000F7D9FF000010FF80FFB70F4D
:2010C0001C007B0000FDFE084DC0E1FF8F7F00013C019A18530F22F0910000F7D9FF0000B7
:2010E00010FF80FFB70F0CFAB77F03FE7B000011E210A20F3C0A9A18530F22F0910000F73C
:20110000D9FF000010FF80FF89AF220989AAAE08530822F0910000F7D9FF000010F449A55E
:20112000140A6DFFD79DC218370868803FC878FF910000F7D9FF000049FF005AD4F209FF62
:201140000408BC21534F20F060FF9140003F30F3D93F40483C013C01B03F14FF960234FF7B
:2011600002C23C01009020500248404C405D0279025402656D00990349A40C0A9110005FB7
:201180006DFF449D49A4100A49A50C0A6DFFA59D49A4140A49A5100A6DFF859DDA084BF982
:2011A00011028B01004291000048D944DFB23BB00D506DFF4BD9821C4BC911A23B0000044B
:2011C0007FA01D803C1A4BC91102020A3B0000F43FAF06804BC91102F6123C10C21C370C8B
:2011E00068C0BFBC0B80820491000048D944DFB23BC00E506DFF2AD93CE7DF1C0C80DA0068
:2012000089AF3E08DA0089AF3208DA0089AF22093C30DA0C89AF3E08DA0189AF3208910019
:2012200000F7D9FF008049FF200A80FFB70F1C007B0000FDFE054DC0E1FF16073C01910039
:2012400000F7D9FF008049FF200A80F0B7000C0AB770030E7B000011E21FA2F03C08910064
:2012600000F7D9FF008049FF200A80F089A02209DA0089AF3108DA0089AF3308DA0289AF3D
:20128000360880CFB70F1C007B0000FD7E0F4DC0E1FF16073C0180C0B7000C0AB770030E4E
:2012A0007B000011E21FA2F03C0280C089A01A09DA0089AF3A08DA0189AF3F08DA0089AF85
:2012C0003B0889A81808DA0089AF3708DA0189AF0418DA0089AF8818DA0089AF0A1880DFB5
:2012E000B70F1C007B0000FD7E0F4DC0E1FF16073C0180D0B7000C0AB770030E7B000011DF
:20130000E21FA2F03C0280D089A01E0989AAAE0849A4000A49A5140A6DFF7A9CBF2C8F80F4
:2013200082081D008A00738A0AF010DF80F0B7001C007B0000FDFE034DC0E1FF8F7F0001DE
:201340003C01738A0AF010DF80FFB70F0CFAB77F03FE7B000011E210A20F3C05738A0AF081
:2013600010DF80FF89AF1E099AFC5F8F2680910000F7D9FF008080FFB70F1C007B0000FDBD
:20138000FE034DC0E1FF16073C01910000F7D9FF008080F0B7000C0AB770030E7B00001124
:2013A000E21FA2F03C06910000F7D9FF008080F089A022093C319A18530F22F0910000F799
:2013C000D9FF008010FF80FFB70F1C007B0000FDFE084DC0E1FF8F7F00013C019A18530F7A
:2013E00022F0910000F7D9FF008010FF80FFB70F0CFAB77F03FE7B000011E210A20F3C0AF5
:201400009A18530F22F0910000F7D9FF008010FF80FF89AF220989AAAE08530822F09100EE
:2014200000F7D9FF008010F449A5140A6DFF529CC218370868803FC878FF910000F7D9FF14
:20144000008049FF005AD4F209FF0408BC21534F20F060FF9140003F30F3D93F40483C0192
:201460003C01B03F14FF960234FF02C23C010090DA003E4ADA013E4CDA023E4EDA03BE40C7
:20148000DA04BE423C15DA00A5FFF4823C11DA00A5FFF8823C0DDA00A5FFFC823C09DA0080
:2014A000A5FFC0923C05DA00A5FFC4923C010090024F0B561088C5F4C0826DFF119C821064
:2014C00005F1D5863701820125F0D582820005F1E1863701820125F0E1820BF8104802968F
:2014E0006D00ED0082003E0F82105F0F2A0082205F0F440082305F0F5E0082405F0F78001F
:201500001D009300821005F1D0863701030025F0D082821005F1D1863701010025F0D1821B
:20152000821005F1D0863701830125F0D082821005F1D0863701010325F0D0823C758210E6
:2015400005F1D4863701030025F0D482821005F1D5863701010025F0D582821005F1D4862B
:201560003701830125F0D482821005F1D4863701010325F0D4823C58821005F1D886370109
:20158000030025F0D882821005F1D9863701010025F0D982821005F1D8863701830125F092
:2015A000D882821005F1D8863701010325F0D8823C3B821005F1DC863701030025F0DC8231
:2015C000821005F1DD863701010025F0DD82821005F1DC863701830125F0DC82821005F1D2
:2015E000DC863701010325F0DC823C1E821005F1E0863701030025F0E082821005F1E186F1
:201600003701010025F0E182821005F1E0863701830125F0E082821005F1E08637010103CE
:2016200025F0E0823C01910000F6D9FF249010FFDA0134FF0090DA003E4BDA01BE41DA021D
:20164000BE47DA03BE4DDA045F4F23003C2985FFF482370F70F03C01370F50203C2285FF14
:20166000F882370F70F03C01370F50203C1A85FFFC82370F70F03C01370F50203C1285FF94
:20168000C092370F70F03C01370F50203C0A85FFC492370F70F03C01370F50203C028202E4
:2016A000910000F6D9FF249001F400F614FFEE04DA044BF201223C010090026F82005F408A
:2016C000100082105F403A0082205F40570082305F407A0082405F40A4001D00C900F656F5
:2016E000910000F8D9FF20F03C11DF150780910000F8D9FF34F03C0A820491000048D9446A
:20170000C6C23BE003506DFFA1D6EE06910000C8D9CC38E03C105E16910000C8D9CC0CF02C
:201720003C0A820491000048D944C6C23B2004506DFF8CD61D009C00DF250780910000F815
:20174000D9FF5C003C0A820491000048D944C6C23B8004506DFF7AD65E26910000C8D9CCBE
:2017600048003C0A820491000048D944C6C23BB004506DFF6BD63C7BDF350780910000F810
:20178000D9FF58103C0A820491000048D944C6C23B1005506DFF5AD65E36910000C8D9CCF1
:2017A00070003C105E46910000C8D9CC44103C0A820491000048D944C6C23B5005506DFFE1
:2017C00045D63C55DF450780910000F8D9FF54203C11DF550780910000F8D9FF68203C0AA6
:2017E000820491000048D944C6C23BC005506DFF2DD65E56910000C8D9CC6C103C105E66E8
:20180000910000C8D9CC40203C0A820491000048D944C6C23B0006506DFF18D63C28DF658D
:201820000780910000F8D9FF50303C11DF750780910000F8D9FF64303C0A8204910000487E
:20184000D944C6C23B7006506DFF00D65E76910000C8D9CC7C203C0A820491000048D94470
:20186000C6C23BA006506DFFF1D53C013B000140820540F46DFF8B9A3B000140820540C471
:201880006DFF3D9A0090DA003C0C534F2000600F9140003F30F3D93FD438820074F0C21F04
:2018A000BF4FF57F009020080B4510A84DC0E20F3700E1078B0020E23C010D0040030000AF
:2018C0003C013C0102A46D008700402F3B000150C82408C46DFF2D9D084409F550086DFFFD
:2018E000A6B1084F74AFDA034BFA01C2DA034BFA0182DA003EB6DA013EBBDA02BEB03C164F
:2019000054A46DFF92B054A46DFF33B13C1854A46DFFDFB054A46DFFB2B03C1154A46DFF1B
:20192000D8B054A46DFF25B13C0A820491000048D944F1C23B500A506DFF88D554A46DFF5E
:2019400040B154A402C56DFF46B08216028454A56DFF97B102846DFFE4B0821502846DFF9B
:20196000CAB1DA044BF80102534120F060FF9140003F30F3D93FD438DA034BFA0102DA046B
:201980004BF00102DA003E18DA013E19DA023E1ADA033E1B3C0D8200DAFF3C0A8230DA07C0
:2019A0003C078230DA063C048200DAFE3C0114F137F108F034FF081F370F82F12CF1083FDF
:2019C00096022CF3081F96042CF102EF6E030D0000030090DA015F4F2D00DA045F4F2F00FF
:2019E000DA065F4F3100DA075F4F3300DA085F4F3500DA095F4F3700DA0A5F4F3900DA0B29
:201A00005F4F3B00DA0C5F4F3D00DA0D5F4F3F00DA0F5F4F4100DA125F4F4300DA135F4FE8
:201A20004500DA155F4F4700DA165F4F49003C4C91000028D922A4513C5191000028D92224
:201A4000B8513C4C91000028D92294913C4791000028D92288713C4291000028D9229881A1
:201A60003C3D91000028D92280913C3891000028D922AC813C3391000028D9229C713C2E39
:201A800091000028D922B4613C2991000028D922A8913C2491000028D92284813C1F910026
:201AA0000028D922A0613C1A91000028D922BC913C1591000028D922B0713C109100002880
:201AC000D9228C613C0B820491000048D944F1C23B5004506DFFBAD4A0023C010090BB00A5
:201AE000FEFF26F4DA005F4F3200DA405F4F34003B0014F05F4F35003B0016F05F4F3600D2
:201B00003B001AF05F4F37003B001CF05F4F38003B001EF05F4F39003B0028F05F4F3A0003
:201B20003B002AF05F4F3B003B002CF05F4F3C003B002EF05F4F3D003B0040F05F4F3E008B
:201B40003B0042F05F4F3F003C429140002FD922000A3C3E9140002FD922008A3C39914063
:201B6000002FD922000B3C349140002FD922004B3C2F9140002FD92200CB3C2A9140002FE3
:201B8000D922400B3C259140002FD922404B3C209140002FD922000C3C1B9140002FD92263
:201BA000004C3C169140002FD922008C3C119140002FD92200CC3C0C9140002FD922008D1C
:201BC0003C079140002FD92200CD3C023C013C010090024F02F46DFF84FF161F09202409F1
:201BE000570061FF6E0382123C0282023C013C0100900B451088026AF69DDA003E74DA020E
:201C00003E743C05DA003C05DA083C03DA103C013C08DA043E723C03DAC03C03DA803C01ED
:201C200002846DFF5EFF8FF80141402402F56DFF809B02846DFF55FF8FF8014182054024B0
:201C40006DFFA99BDF19198076AC02846DFF49FF8FF801F182100FF01000892004093C0CCF
:201C600002846DFF3EFF8FF801F17B1000000FF01000892004090090024F765B02F46DFF58
:201C800030FF161F82100FF01000892004093C0B02F46DFF26FF161F7B1000000FF01000EC
:201CA000892004090090910000F8D9FF20D0D4F46DFF008F910000F8D9FF20D0C8246DFF21
:201CC000F98E009020880249025A4DC0E2FF370FE1F78B0F20B23C010D00400300003C015C
:201CE0003C01DA024BF901426DFF0F8F402F49A4240A40F56DFF35926DFF58AB02246DFF47
:201D000055B30B2310C882083C1C820702A60BCD10486DFF7B890B231048BB0024649BF6A8
:201D2000006082076DFFC289BBF0FFFF7FF203803C0B8FFD1F1077CD800F0B0110C8C218D3
:201D4000DA103FF8E4FFDA103FF80280DA003E98DA013E9DDA02BE92DA03BE973C1DDA00E5
:201D600089AF2418DA1E89AFA2183C16DA0089AF2A18DA1F89AFA8183C0FDA0089AF2418D5
:201D8000DA2089AFA2183C08DA0089AF2A18DA2189AFA8183C01DA024BF90102DF011780F5
:201DA000DA0089AF0018DA0789AF2018DA0189AF211889A228090BCD10486DFF25B389A261
:201DC0002409DA0089AF0C183C15DA0189AF0018DA0989AF2618DA0289AF271889A2300914
:201DE0000BCD10486DFF10B389A22C09DA0089AF1418DA0089AF9A18DA0089AF9C18DA0082
:201E000089AF012849A4000A49A5240A6DFFE48F02BF6E030D0000034D00D0FF16015E1983
:201E2000DA0182103700010E37F0040C89F0283949A4000A6DFFAF910090DAAB3F4F0D008B
:201E4000DA003FF40A005AF4910000F8D9FFBCA190FFD4FFDC0F1D00F20391000028D9224C
:201E60005C501D00F60391000028D92278301D00F00391000028D92248501D00EA0391004D
:201E80000028D92274401D00E40391000028D92260401D00DE0391000028D9224C401D00B8
:201EA000D80391000028D92244601D00D20391000028D92258601D00CC0391000028D922F1
:201EC0006C601D00C60391000028D92270501D00C00391000028D9227C701D00BA039100F1
:201EE0000028D92268701D00B40391000028D92254701D00AE0391000028D92240701D004C
:201F0000A80391000028D92278801D00A20391000028D9224C901D009C0391000028D922A8
:201F200050801D00960391000028D92264801D00900391000028D92248A01D008A039100FC
:201F40000028D92274901D00840391000028D92260901D007E0391000028D92244B01D00AF
:201F6000780391000028D92258B01D00720391000028D9225CA01D006C0391000028D922A8
:201F800070A01D00660391000028D92254C01D00600391000028D92240C01D005A039100A4
:201FA0000028D9226CB01D00540391000028D92268C01D004E0391000028D9227CC01D0017
:201FC000480391000028D9224CE01D00420391000028D92278D01D003C0391000028D92268
:201FE00064D01D00360391000028D92250D01D00300391000028D92260E01D002A03910064
:202000000028D9225CF01D00240391000028D92248F01D001E0391000028D92274E01D00BE
:20202000180391000028D92270F01D00120391000028D922AC001D000C0391000028D922FF
:2020400098001D00060391000028D92284001D00000391000028D92280101D00FA0291007C
:202060000028D922A8101D00F40291000028D92294101D00EE0291000028D92288401D0074
:20208000E80291000028D922BC101D00E20291000028D922B4301D00DC0291000028D9228E
:2020A0008C301D00D60291000028D922A0301D00D00291000028D922B8201D00CA029100F6
:2020C0000028D922A4201D00C40291000028D92290201D00BE0291000028D922B0401D0034
:2020E000B80291000028D92284501D00B20291000028D92298501D00AC0291000028D922B2
:202100009C401D00A60291000028D922A4701D00A00291000028D922BC601D009A0291007D
:202120000028D92290701D00940291000028D922A8601D008E0291000028D92294601D009B
:20214000880291000028D92280601D00820291000028D922AC501D007C0291000028D922C1
:20216000A0801D00760291000028D922B4801D00700291000028D922B8701D006A0291003D
:202180000028D9228C801D00640291000028D92284A01D005E0291000028D922B0901D0027
:2021A000580291000028D9229C901D00520291000028D92288901D004C0291000028D92289
:2021C00080B01D00460291000028D92294B01D00400291000028D92298A01D003A0291003D
:2021E0000028D922ACA01D00340291000028D92290C01D002E0291000028D922BCB01D008F
:20220000280291000028D922A8B01D00220291000028D922A4C01D001C0291000028D92240
:20222000B8C01D00160291000028D92288E01D00100291000028D922B4D01D000A029100B4
:202240000028D922A0D01D00040291000028D9228CD01D00FE0191000028D9229CE01D004F
:20226000F80191000028D92298F01D00F20191000028D922C0001D00EC0191000028D922E7
:20228000ACF01D00E60191000028D92284F01D00E00191000028D922B0E01D00DA019100AB
:2022A0000028D922D4001D00D40191000028D922E4101D00CE0191000028D922F8101D00C8
:2022C000C80191000028D922FC001D00C20191000028D922D0101D00BC0191000028D92283
:2022E000E8001D00B60191000028D922CC201D00B00191000028D922C8301D00AA019100AF
:202300000028D922F4201D00A40191000028D922E0201D009E0191000028D922DC301D0077
:20232000980191000028D922EC401D00920191000028D922D8401D008C0191000028D9224A
:20234000F0301D00860191000028D922C4401D00800191000028D922E8501D007A0191004E
:202360000028D922D4501D00740191000028D922C0501D006E0191000028D922E4601D001F
:20238000680191000028D922D0601D00620191000028D922FC501D005C0191000028D92242
:2023A000F8601D00560191000028D922F4701D00500191000028D922E0701D004A019100CE
:2023C0000028D922CC701D00440191000028D922C4901D003E0191000028D922F0801D0097
:2023E000380191000028D922C8801D00320191000028D922DC801D002C0191000028D9224A
:20240000E8A01D00260191000028D922D4A01D00200191000028D922C0A01D001A019100AD
:202420000028D922EC901D00140191000028D922D8901D000E0191000028D922FCA01D0016
:20244000080191000028D922E0C01D00020191000028D922CCC01D00FC0091000028D922F2
:20246000E4B01D00F60091000028D922F8B01D00F00091000028D922D0B01D00EA00910080
:202480000028D922F4C01D00E40091000028D922D8E01D00DE0091000028D922C4E01D0088
:2024A000D80091000028D922C8D01D00D20091000028D922DCD01D00CC0091000028D9220C
:2024C000F0D01D00C60091000028D922ECE01D00C00091000028D92224011D00BA009100BB
:2024E0000028D92210011D00B40091000028D922E8F01D00AE0091000028D922FCF01D00C3
:20250000A80091000028D922C0F01D00A20091000028D922D4F01D009C0091000028D9220B
:202520001C211D00960091000028D92234111D00900091000028D92208211D008A009100F0
:202540000028D9220C111D00840091000028D92220113C7E91000028D92238013C799100C8
:202560000028D9222C313C7491000028D92204313C6F91000028D92218313C6A910000283B
:20258000D92230213C6591000028D92200413C6091000028D9223C413C5B91000028D92241
:2025A00028413C5691000028D92214413C5191000028D9220C613C4C91000028D9223851A4
:2025C0003C4791000028D92210513C4291000028D92224513C3D91000028D92208713C38A2
:2025E00091000028D92234613C3391000028D92220613C2E91000028D9221C713C2991004D
:202600000028D92218813C2491000028D92204813C1F91000028D92230713C1A91000028A6
:20262000D9222C813C1591000028D92214913C1091000028D92200913C0B82049100004811
:20264000D944D9D23B3010506DFF00CFA0023C01009020389100014F6DFFE193910001FF93
:2026600019FF00C0AE1F9100014F8204BB0068599B85B9546DFFC6959100014F82246DFFEB
:20268000A69549A4000A9100015F6DFF4A9582083C1982093C13370868F02CA4370948F034
:2026A0002CA549A4240A49A5000A6DFF999449A4240A82146DFF7795C219DA083FF9ED7F13
:2026C000C218BF48E87F00902038024F0B5610883B0071020B90504191000048D944D9D205
:2026E0003B8015506DFFB2CE02F46DFFA8FB402F14FF82003E0882103E0782203E06823010
:202700003E053C053C043C033C023C019100014F6DFF85939100012F192F00C0AE1F9100AF
:20272000014F8204BB0068599B85B9546DFF6A959100014F82246DFF4A9549A4000A910055
:20274000015F6DFFEE9414FF2CA409FF01082CA5BB0068F99B8FB9F44B0861014B0F51F023
:202760004B0F71F17802F807DA0189AF120814FF82003E0A8210BE0882205F0F26008230DA
:202780005F0F33003C418205029409A6080982076DFF3C84FB0071620B2310486DFF8684BF
:2027A00089A20C093C318205029409A6080982076DFF2C84FB0071620B2310486DFF768430
:2027C00089A20C093C218205029409A6080982076DFF1C84FB0071620B2310486DFF668440
:2027E00089A20C093C118205029409A6080982076DFF0C84FB0071620B2310486DFF568450
:2028000089A20C093C0149A4240A49A5000A6DFFE79349A4240A82146DFFB1940090024FFF
:2028200002583B0071020B80504191000048D944D9D23B7013506DFF09CE02F46DFFFFFA27
:20284000402F14FF3B008000E20F60F29110013F3023D934000D09F401086DFF509314FF42
:2028600082003E0A8210BE0682205F0F220082305F0F2D003C3982050284820702266DFF1A
:20288000C583FB0071620B2310486DFF0F8402283C2B82050284820702266DFFB783FB00AD
:2028A00071620B2310486DFF018402283C1D82050284820702266DFFA983FB0071620B23F9
:2028C00010486DFFF38302283C0F82050284820702266DFF9B83FB0071620B2310486DFF41
:2028E000E58302283C0114FF3B008000E20F60F29110013F3023D934000D09F4010802851D
:202900006DFF1F930090404F024F0B561088027A0BA9104191000048D944C0E23B102A5052
:202920006DFF94CD74F9681A2CF889F80A0902946DFFD7F8E84202A46DFFD3F8E85282157A
:202940008216823702946DFF56F982158216824702A46DFF50F900902008404F0249820866
:202960003B8000A0C8427B10000054FF161F0FF010008920040909F00A0974A03C0154AFBA
:2029800054A0C2F074A0EEFCC8528210481F161F0FF01000892004093C2DC8427B10000088
:2029A00054FF161F0FF010008920040909FF0A0974AF3C0154AF54A0C2F074A0EEFCC8429E
:2029C000821054FF161F0FF010008920040909FF0A0974AF3C0154AF54A0C2F074A0EEFCF6
:2029E0008618481F370F50406DFFF5F8A6283708688002AFC2FA370A68A0EED0C8427B10A5
:202A0000000054FF161F0FF010008920040909FF0A0974AF3C0154AF54A0C2F074A0EEFC47
:202A200040F402946D00470002823C010090404F024840F46D00BF00088F861F370F684064
:202A400040F46D007B0040F402846D00770040F46D00E30040F46D00AE00088F861F960116
:202A6000370F684040F46D006900821440F46DFF75FF022F40F46D00D00002F23C01009051
:202A8000404F0B45108840F46D009500088F861F370F684040F46D00510040F402846D0046
:202AA0004D0040F402946D00490040F46D00B50000902008CC447B100000544F161F0FF0C9
:202AC000100068107649CC4582104C41161F0FF0100068103C09CC457B1000004C41161F20
:202AE0000FF010006810094F0A0974AF3C0154AF54A0C2F074A0EEFCCC448210544F161F63
:202B00000FF010006810094F0A0974AF3C0154AF54A0C2F074A0EEFCCC447B100000544F7E
:202B2000161F0FF010006810CC4582104C41161F0FF01000681000902008404F02483B0021
:202B400008903C2C481F370F50400F9880506DFF95F886F909F00A0974A03C0154AF54A0F5
:202B6000C2F074A0EEFCC842821054FF161F0FF010008920040909FF0A0974AF3C0154AF3E
:202B800054A0C2F074A0EEFCC8427B10000054FF161F0FF0100089200409DF09D5FF40F4BF
:202BA0006D007600DF12048082023C0282123C0100902008CC448210544F161F0FF01000E9
:202BC0006810CC4582104C41161F0FF010006810094F0A0974AF3C0154AF54A0C2F074A009
:202BE000EEFCCC457B1000004C41161F0FF010006810094F0A0974AF3C0154AF54A0C2F092
:202C000074A0EEFCCC447B100000544F161F0FF01000681000902008CC457B1000004C41DB
:202C2000161F0FF010006810CC447B100000544F161F0FF010006810094F0A0974AF3C0113
:202C400054AF54A0C2F074A0EEFCCC448210544F161F0FF010006810094F0A0974AF3C0101
:202C600054AF54A0C2F074A0EEFCCC4582104C41161F0FF010006810094F0A0974AF3C01F6
:202C800054AF54A0C2F074A0EEFC00902008404F8208C8427B10000054FF161F0FF0100090
:202CA00089200409C8528210481F161F0FF010008920040909FF0A0974AF3C0154AF54A0DF
:202CC000C2F074A0EEFCC842821054FF161F0FF010008920040909FF0A0974AF3C0154AFDD
:202CE00054A0C2F074A0EEFC481F370F50406DFF72F776228218C8427B10000054FF161FCF
:202D00000FF010008920040909FF0A0974AF3C0154AF54A0C2F074A0EEFC02823C0100907B
:202D2000094F4218370FE3013C04094F10293C01020FC2F0EEFB009049AA20BA0B451088B8
:202D40000B6710A809ACA04809ADA44809AEA848DA644BFB01020B08004191000048D94492
:202D6000ECE23BB03D506DFF71CBDA644BFC01020B08004191000048D944ECE23BC03D503D
:202D80006DFF64CBDA644BFD01020B08004191000048D944ECE23BD03D506DFF57CB3B3066
:202DA00019F03EEEDA644BFE01020B08004191000048D944ECE23B003E506DFF47CB910064
:202DC00000F6D9FF0446B4FE370848406DFF2E95402CB4AE49A4103A49A5283A0B8B1048F0
:202DE0000BCD10686D00900149A4040A40C56DFF5E99DA002CA4BB00C2FB9BEFC3F4780542
:202E0000DA002CAC49AF103AF80949A4300A49A5040A6DFF269749A4303A49A5300A6DFF86
:202E200002974B0A61F1783DDA003E99DA01BE93DA02BE9EDA035F9F27003C3109AF7838B1
:202E4000B70F81F189AF383809AF7838961089AF38383C2509AF7838B70F81F189AF383833
:202E600009AF7838B70F01F289AF38383C1809AF7838960889AF383809AF7838961089AF41
:202E800038383C0D09AF7838960889AF383809AF7838B70F01F289AF38383C0109AF78385D
:202EA000962089AF383809A0F838DA0837F006F389AFB83809AF7938B70F01F289AF3938E6
:202EC00009A2E83989A2CC493B3019F07EE609AF7838960489AF383849A43C1A49A5303AC9
:202EE0006DFFAF953B3019F05FEF2D80D83CD4FFC8AF09FF5108B70F01F389FF1108820413
:202F00008205820640C46DFFDA94910000F6D9FF04463B3019F0B4FFDA003E88DA013E89B2
:202F2000DA023E8ADA033E8B3C0D3B2001E03C0A3B8007E03C073BE00DE03C043B4014E0E0
:202F40003C01DA0509C0560837F003F289CF1608534820F0910000F6D9FF343610FF4CC607
:202F600074FF534820F0910000F6D9FF343610FF534820F091000026D92234361022092F2A
:202F8000C208B77F85F3ACF1534820F0910000F6D9FF343610FF534820F091000026D9223C
:202FA00034361022142FB71F03F234FF534820F0910000F6D9FF343610FF534820F0910075
:202FC0000026D92234361022142FB71F83F034FF534820F0910000F6D9FF343610F2534864
:202FE00020F0910000F6D9FF343610FF081FB71F03F12C21534820F0910000F6D9FF343637
:2030000010FF534820F091000026D92234361022092FC008B71F83F3B4FF534820F091006D
:2030200000F6D9FF343610F2534820F0910000F6D9FF343610FF082F96202C22534820F0ED
:20304000910000F6D9FF343610F2534820F0910000F6D9FF343610FF082FB70F81F12C2265
:20306000534820F0910000F6D9FF343610F2534820F0910000F6D9FF343610FF082FB70F5A
:2030800001F32C22534820F0910000F6D9FF343610F2534820F0910000F6D9FF343610FFF5
:2030A000082FB71F03F02C22534820F0910000F6D9FF343610F2534820F0910000F6D9FF42
:2030C000343610FF081FB71F83F22C21534820F0910000F6D9FF343610F2534820F0910006
:2030E00000F6D9FF343610FF0830DA664BFE0122DA064BF301229AD2370F68F037F004F23D
:203100002C2300900B67108894AF404F405C3B80000089F014083B00080028C03B0008009A
:203120002840820089F01508820089C005083B00080089C0040882005F400D0082105F4040
:20314000C20082205F408B0182305F4087021D00CF03F65791000028D92200C1F4F23C1221
:20316000DF15088091000028D92210C1F4F23C0A820491000048D944ECE23B2004506DFFBD
:2031800065C9DF68088091000028D92220B1E8223C12DF78088091000028D92230B1E822D7
:2031A0003C0A820491000048D944ECE23B6004506DFF4CC93BC000005F090880910000286B
:2031C000D92210B1E8423C0A820491000048D944ECE23B9004506DFF39C93B2001007E070B
:2031E000910000F8D9FF20C1F4CF3C6A3B8001007E07910000F8D9FF08D1F4CF3C613BE02E
:2032000001007E07910000F8D9FF1CD1F4CF3C583B4002007E07910000F8D9FF30D1F4CF5C
:203220003C4F3BA002007E07910000F8D9FF04E1F4CF3C463B0003007E07910000F8D9FFF2
:2032400018E1F4CF3C3D3B6003007E07910000F8D9FF2CE1F4CF3C343BC003007E07910061
:2032600000F8D9FF00F1F4CF3C2B3B2004007E07910000F8D9FF14F1F4CF3C223B80040039
:203280007E07910000F8D9FF28F1F4CF3C193B0006007E07910000F8D9FF34C1F4CF3C10EC
:2032A0003B3019007E04A00FF4CF3C0A820491000048D944ECE23B7005506DFFC7C81D00EE
:2032C00017033B6006005F05088091000028D9224C11F4F23C143B7006005F0508809100D2
:2032E0000028D9225C11F4F23C0A820491000048D944ECE23BF005506DFFA8C83BC006006B
:203300005F08088091000028D9225C01E8223C1E3BD006005F08088091000028D9226C0128
:20332000E8223C143BE006005F08088091000028D9227C01E8223C0A820491000048D94426
:20334000ECE23B4006506DFF81C83B2007005F09088091000028D9223CF1E8423C143B3001
:2033600007005F09088091000028D9224C01E8423C0A820491000048D944ECE23B8006508A
:203380006DFF64C83B8007007E07910000F8D9FF6C11F4CF3C613BE007007E07910000F8E0
:2033A000D9FF4021F4CF3C583B4008007E07910000F8D9FF5421F4CF3C4F3BA008007E07E9
:2033C000910000F8D9FF6821F4CF3C463B0009007E07910000F8D9FF7C21F4CF3C3D3B6020
:2033E00009007E07910000F8D9FF5031F4CF3C343BC009007E07910000F8D9FF6431F4CFE8
:203400003C2B3B200A007E07910000F8D9FF7831F4CF3C223B800A007E07910000F8D9FF85
:203420004C41F4CF3C193BE00A007E07910000F8D9FF6041F4CF3C103B3019007E04A00F77
:20344000F4CF3C0A820491000048D944ECE23B5007506DFFFBC71D004B023BC00C005F0534
:20346000088091000028D9227461F4F23C323BD00C005F05088091000028D9224471F4F295
:203480003C283BE00C005F05088091000028D9225471F4F23C1E3BF00C005F050880910048
:2034A0000028D9226471F4F23C143B000D005F05088091000028D9227471F4F23C0A82045F
:2034C00091000048D944ECE23BF007506DFFBEC73B200D005F08088091000028D922446105
:2034E000E8223C1E3B300D005F08088091000028D9225461E8223C143B400D005F080880C7
:2035000091000028D9226461E8223C0A820491000048D944ECE23B4008506DFF97C73B8040
:203520000D005F09088091000028D9227451E8423C323B900D005F09088091000028D92201
:203540007441E8423C283BA00D005F09088091000028D9224451E8423C1E3BB00D005F0923
:20356000088091000028D9225451E8423C143BC00D005F09088091000028D9226451E84265
:203580003C0A820491000048D944ECE23BB008506DFF5CC73BE00D007E07910000F8D9FFBB
:2035A0004481F4CF3C583B400E007E07910000F8D9FF5881F4CF3C4F3BA00E007E0791005A
:2035C00000F8D9FF6C81F4CF3C463B000F007E07910000F8D9FF4091F4CF3C3D3BC00F00A2
:2035E0007E07910000F8D9FF5491F4CF3C343B2010007E07910000F8D9FF6891F4CF3C2B59
:203600003B8010007E07910000F8D9FF7C91F4CF3C223BE010007E07910000F8D9FF50A1C9
:20362000F4CF3C193B4011007E07910000F8D9FF64A1F4CF3C103B3019007E04A00FF4CF74
:203640003C0A820491000048D944ECE23B7009506DFFFCC61D004C013B2013005F050880E4
:2036600091000028D92278D1F4F23C323B3013005F05088091000028D92258D1F4F23C2868
:203680003B4013005F05088091000028D92268D1F4F23C1E3B5013005F0508809100002840
:2036A000D92248E1F4F23C143B6013005F05088091000028D92258E1F4F23C0A82049100E6
:2036C0000048D944ECE23B100A506DFFBFC63B8013005F08088091000028D92258C1E8228D
:2036E0003C323B9013005F08088091000028D92268C1E8223C283BA013005F0808809100D6
:203700000028D92278C1E8223C1E3BB013005F08088091000028D92248C1E8223C143BC0EA
:2037200013005F08088091000028D92248D1E8223C0A820491000048D944ECE23B800A500B
:203740006DFF84C63BE013005F09088091000028D92278A1E8423C323BF013005F09088002
:2037600091000028D92258B1E8423C283B0014005F09088091000028D92268B1E8423C1E6E
:203780003B1014005F09088091000028D92278B1E8423C143B2014005F090880910000286B
:2037A000D92248B1E8423C0A820491000048D944ECE23BF00A506DFF49C63B4014007E0846
:2037C000910000F8D9FF68E1F4CF1D0090003BA014007E08910000F8D9FF78F1F4CF1D00B0
:2037E00086003BB014007E07910000F8D9FF8C01F4CF3C7C3B0015007E07910000F8D9FF20
:20380000A001F4CF3C733B1015007E07910000F8D9FFB401F4CF3C6A3B6015007E0791006B
:2038200000F8D9FF8811F4CF3C613BC015007E07910000F8D9FF9C11F4CF3C583B20160054
:203840007E07910000F8D9FFB011F4CF3C4F3B8016007E07910000F8D9FF8421F4CF3C46D2
:203860003BE016007E07910000F8D9FF9821F4CF3C3D3BF016007E07910000F8D9FFAC2148
:20388000F4CF3C343B4017007E07910000F8D9FF8031F4CF3C2B3B6018007E07910000F8E1
:2038A000D9FF7CE1F4CF3C223BC018007E07910000F8D9FF50F1F4CF3C193B2019007E0767
:2038C000910000F8D9FF64F1F4CF3C103B3019007E04A00FF4CF3C0A820491000048D944E9
:2038E000ECE23B100C506DFFB1C53C0100900B451088370848406DFF998F402C40C46DFF85
:2039000011FA534820F0910000F6D9FF343610FF54FF8200370F01F089CF201989C92419ED
:203920003C0109CF4218370FE3F16EFC40C46DFFF9F9534820F0910000F6D9FF343610FFAF
:2039400054FF8210370F01F089CF2019DA0089CF24193C0109CF4218370FE3F16EFC3C011B
:2039600009CF41186F3FFE7FBBF0FFFF89CF141909CF10293C01370F68203C0100900B5475
:203980001088404C026A370948406DFF4F8F402D40D46DFFC7F9534920F0910000F6D9FFCD
:2039A000343610FF54F082013710010089D0201989D824193C0109D042183700E3F16EFC6A
:2039C00040D46DFFAFF9DF1A0F80534920F0910000F6D9FF343610FF54FF8210370F01F097
:2039E00089DF2019DA0089DF24193C0109DF4218370FE3F16EFC09DF10293C0134CFB01C77
:203A0000C2FADF0AE2FF3C0109DF41186F3FFE7FBBF0FFFF89DF141900900248404C405D36
:203A20000259370848406DFF018F402E534820F0910000F6D9FF343610FF54F08201371069
:203A4000010089E0201940E46DFF6CF9DF190F80534820F0910000F6D9FF343610FF54F080
:203A600082113710010089E0201914CFB01C89EF2419BCDD3C0109EF4218370FE3F16EFCB9
:203A800009EF10293C0134DFB01D3C063C0109EF42181607EEFDC2F9DF09DAFF3C0109EF4E
:203AA00041186F3FFE7FBBF0FFFF89EF141900900B451088370848406DFFB88E534820F098
:203AC000910000F6D9FF343610FF54F082013710010089202019BB00F00F269086808920FE
:203AE00024193C01092F42181607EEFD534820F0910000F6D9FF343610FF54FF8210370F04
:203B000001F0892F20198FF90FF1892F24193C01092F41186F3FFE7FBBF0FFFF892F1419BF
:203B200000900248404C0259370848406DFF7E8E534820F0910000F6D9FF343610FF54F0BE
:203B40008201371001008920201909C0C008BB00F01F26108680892024193C01092F42186C
:203B60001607EEFDDF190F80534820F0910000F6D9FF343610FF54FF8210370F01F0892F5F
:203B8000201909CFC00816FFB02C892F24193C01092F42181607EEFDC2F9DF09D8FF3C01D8
:203BA000092F41186F3FFE7FBBF0FFFF892F14190090024F0258370F48406DFF378E534FDF
:203BC00020F0910000F6D9FF343610FF54FF8210370F01F0892F2019892824193C01092F8D
:203BE00042181607EEFD3C01092F41186F3FFE7FBBF0FFFF892F141900900248404C02591B
:203C0000370848406DFF128E534820F0910000F6D9FF343610FF54F0820137100100892096
:203C20002019DF190F80534820F0910000F6D9FF343610FF54F08211371001008920201940
:203C400014CFB01C892F24193C01092F42181607EEFDC2F9DF09E7FF3C01092F41186F3FE4
:203C6000FE7FBBF0FFFF892F141900900B451088026A370848406DFFD98D402C534820F0A5
:203C8000910000F6D9FF343610FF54FF8200370F01F089CF201940C46DFF44F889C9241974
:203CA0003C0109CF42181607EEFD534820F0910000F6D9FF343610FF54FF8210370F01F0EE
:203CC00089CF201989CA24193C0109CF42181607EEFD3C0109CF41186F3FFE7FBBF0FFFF0A
:203CE00089CF141900904DC0E1FF16073C01370F48406DFFBDA1BC216DFF409B913000FFEC
:203D000039FF3506160F4B0F41F14BF251F03C013C014B0F71814DC0E1FF16073C01370FAE
:203D200048406DFFA5A1092410093C014DC0E1FF16073C01534F20F0910000F6D9FF084620
:203D400010FF54FFA2F48205BB00106E9B565F6082076DFF5B790B231048820702866DFF2F
:203D6000A5793C010090A002DA003E48DA013E4BDA023E4EDA03BE413C1591000026D922AB
:203D800010463C1091000026D9223C563C0B91000026D92228763C0691000026D922149608
:203DA0003C013C01009020200B4510A80B7610884DC0E2FF370FE1F78B0F20C23C010D00C6
:203DC000400300003C013C01370A48406DFF0C7A91000046D94400B640256DFFCF7D02A4FE
:203DE0006D00250202A46D00B402910000F6D9FF00B6DA0889FF2C08910000F6D9FF00B69E
:203E0000DA04ACF4910000F6D9FF00B64B0B61F16CF1910000F6D9FF00B6DA072CFAA00F3F
:203E2000F4AFA00FF80449A4180A49A5080A0BA9104802866D002800DA102CACDA8089AFA8
:203E40001C08DA0089AF1D08910000F6D9FF00B649A2000AE8A202A46DFF87FF91000056F4
:203E6000D95500B640246DFF4F7B820502A46D00B401820502A46D00F60202CF6E030D0094
:203E800000030090DA003E4CDA015F4F4000DA025F4FC600DA035F4F27011D008901F6586A
:203EA000910000F8D9FF0C1080FF744F3C1CDF150980910000F8D9FF1C1080FF744F3C1350
:203EC000DF250980910000F8D9FF2C1080FF744F3C0ADF350980910000F8D9FF3C1080FF67
:203EE000744F3C01F668910000F8D9FF2C0080FF745F3C0ADF160980910000F8D9FF3C0024
:203F000080FF745F3C011D005401DF450980910000F8D9FF2C3080FF744F3C49DF550980B2
:203F2000910000F8D9FF3C3080FF744F3C40DF650980910000F8D9FF0C4080FF744F3C37C7
:203F4000DF750980910000F8D9FF1C4080FF744F3C2EDA087E58910000F8D9FF2C4080FF17
:203F6000744F3C25DA097E58910000F8D9FF3C4080FF744F3C1CDA0A7E58910000F8D9FFD2
:203F80000C5080FF744F3C13DA0B7E58910000F8D9FF1C5080FF744F3C0ADA0C7E589100D7
:203FA00000F8D9FF2C5080FF744F3C01DF460980910000F8D9FF0C2080FF745F3C2EDF560A
:203FC0000980910000F8D9FF1C2080FF745F3C25DF660980910000F8D9FF2C2080FF745F3B
:203FE0003C1CDF360980910000F8D9FF3C2080FF745F3C13DF760980910000F8D9FF0C30F2
:2040000080FF745F3C0ADF260980910000F8D9FF1C3080FF745F3C011D00CB00DA0D7E5899
:20402000910000F8D9FF0C7080FF744F3C2EDA0E7E58910000F8D9FF1C7080FF744F3C25A9
:20404000DA0F7E58910000F8D9FF2C7080FF744F3C1CDA107E58910000F8D9FF3C7080FFBE
:20406000744F3C13DA117E58910000F8D9FF0C8080FF744F3C0ADA127E58910000F8D9FFD5
:204080001C8080FF744F3C01DA0B7E68910000F8D9FF3C5080FF745F3C25DA097E68910040
:2040A00000F8D9FF0C6080FF745F3C1CDA0A7E68910000F8D9FF1C6080FF745F3C13DA0CEC
:2040C0007E68910000F8D9FF2C6080FF745F3C0ADA087E68910000F8D9FF3C6080FF745F5E
:2040E0003C013C66DA137E58910000F8D9FF2C9080FF744F3C37DA147E58910000F8D9FF27
:204100003C9080FF744F3C2EDA157E58910000F8D9FF0CA080FF744F3C25DA167E5891005B
:2041200000F8D9FF1CA080FF744F3C1CDA177E58910000F8D9FF2CA080FF744F3C13DA18E2
:204140007E58910000F8D9FF3CA080FF744F3C0ADA197E58910000F8D9FF0CB080FF744F9C
:204160003C01DA0E7E68910000F8D9FF2C8080FF745F3C1CDA0F7E68910000F8D9FF3C8091
:2041800080FF745F3C13DA0D7E68910000F8D9FF0C9080FF745F3C0ADA107E68910000F8C3
:2041A000D9FF1C9080FF745F3C013C023C010090404F82086DFFD9FDD424094F5208161FA7
:2041C0003C016E07D424821440F56DFF9678821802823C0100900258910000F6D9FF00B696
:2041E000D4FF370448406DFFFF7791000046D94400B640256DFFC27B40F46DFF65783708D3
:2042000068F06E03DA013C02DA0009F0431837F001F289FF031876850C2196042C213C0581
:204220000C21B70F01F12C210090DA003E4CDA015F4F2B00DA025F4F4900DA035F4F6700DF
:204240001D008600910000F6D9FF00B691000026D9221456E8C2910000F6D9FF00B691003A
:204260000026D9222C46E8E2910000F6D9FF00B6DA0189FFAE08910000F6D9FF00B6DA01C3
:2042800089FFB4083C64910000F6D9FF00B691000026D9220076E8C2910000F6D9FF00B63E
:2042A00091000026D9221866E8E2910000F6D9FF00B6DA0189FFAE08910000F6D9FF00B6C1
:2042C000DA0189FFB4083C43910000F6D9FF00B691000026D9222C86E8C2910000F6D9FFBE
:2042E00000B691000026D9220486E8E2910000F6D9FF00B6DA0189FFAE08910000F6D9FF75
:2043000000B6DA0189FFB4083C22910000F6D9FF00B691000026D92218A6E8C2910000F6B4
:20432000D9FF00B691000026D9223096E8E2910000F6D9FF00B6DA0189FFAE08910000F6F8
:20434000D9FF00B6DA0189FFB4083C010090DA003E4BDA015F4F2600DA025F4F4000DA032A
:204360005F4F5A003C75910000F6D9FF00B6DA0B89FFA008910000F6D9FF00B6DA0A89FFD9
:20438000A208910000F6D9FF00B6DA0C89FFA408910000F6D9FF00B6DA0089FF26083C6102
:2043A000910000F6D9FF00B6DA0D89FFA008910000F6D9FF00B6DA0E89FFA208910000F61B
:2043C000D9FF00B6DA0F89FFA408910000F6D9FF00B6DA0089FF26083C44910000F6D9FFAE
:2043E00000B6DA1089FFA008910000F6D9FF00B6DA1189FFA208910000F6D9FF00B6DA12BA
:2044000089FFA408910000F6D9FF00B6DA0089FF26083C27910000F6D9FF00B6DA1389FFD6
:20442000A008910000F6D9FF00B6DA1489FFA208910000F6D9FF00B6DA1589FFA4089100D6
:2044400000F6D9FF00B6DA0089FF26083C0A820491000048D944D3F23BC006506DFFF6BF4F
:2044600000900258910000F6D9FF00B6D4FF370448406DFFB97691000046D94400B64025FD
:204480006DFF7C7A40F46DFF2C77370868F06E03DA013C02DA0009F0431837F081F389FF05
:2044A000031876850C2196042C213C050C21B70F01F12C210090404F025F6DFF56FCD42429
:2044C00040F502F46DFF0F780090200834A56DFF4CFCD42449A5000A82146DFF047800907B
:1E44E0000248404F3C0909FF0008B01F370F685002846DFFECFF09FF0008EEF6009062
:2045000000A60160D05C0060D05C0060000000005000000009000000205D0060205D006069
:2045200000000000500000000A000100000000000000000000000000FFFFFFFF060002001C
:2045400000000000000000000000000000000000000000000000000000000000000000005B
:2045600000000000000000000000000000000000000000000000000000000000000000003B
:2045800000000000000000000000000000000000000000000000000000000000000000001B
:2045A0000000000000000000000000000000000000000000000000000000000000000000FB
:2045C0000000000000000000000000008D220080DF2200801F230080262300802D230080D0
:2045E000342300803B2300804223008006C200800CC20080600601806006018060060180D6
:2046000060060180600601806006018060060180002D310100000000000000007E0400001D
:2046200000000000000000000000000000000000000000000000000000000000000000007A
:2046400000000000000000000000000000000000000000000000000000000000000000005A
:20466000000000000000000000000000000000000000000000000000000000000010804565
:20468000CDCC6441000000000000000000000000000000000000000000000000FFFF870057
:2046A00000F8F0000000000000000000000000000000000000000000008080800000000092
:1546C000000400000100000000000000010001010000000000DD
:2046D600000000000100000002009001030032000400BC00050078000600000007000000B1
:0846F600080019000900000092
:2047000001000000000000601046018004000000010000000400006000450180CC00000066
:2047200001000000D0000060144601800400000001000000D4000060AC46018001000000C0
:2047400001000000D8000060184601800200000001000000DC0000601A460180020000001F
:2047600001000000E00000601C460180280000000100000008010060AD460180010000000E
:20478000010000000C01006044460180080000000100000014010060AE46018001000000AC
:2047A0000100000018010060AF46018001000000010000001C0100604C4601800400000073
:2047C0000100000020010060B0460180010000000100000024010060B146018001000000E0
:2047E0000100000028010060B246018001000000010000002C01006050460180040000000C
:204800000100000030010060B3460180010000000100000034010060B44601800100000079
:204820000100000038010060B546018001000000010000003C010060B64601800100000045
:204840000100000040010060CC450180040000000100000044010060544601800600000059
:20486000010000004C010060B7460180010000000100000050010060B846018001000000D9
:2048800001000000540100605A460180040000000100000058010060B94601800100000002
:2048A000010000005C010060BA460180010000000100000060010060BB4601800100000073
:2048C0000100000064010060BC460180010000000100000068010060BD460180010000003F
:2048E000010000006C010060BE4601800100000001000000700100605E4601800800000065
:204900000100000078010060BF46018001000000010000007C010060664601800200000029
:204920000100000080010060C0460180010000000100000084010060D04501801C00000075
:2049400001000000A0010060C14601800100000001000000A4010060EC450180080000000C
:2049600001000000AC010060C24601800100000001000000B0010060C34601800100000002
:2049800001000000B4010060C44601800100000001000000B8010060C546018001000000CE
:2049A00001000000BC010060684601800800000001000000C4010060C646018001000000EE
:2049C00001000000C8010060C74601800100000001000000CC010060C84601800100000060
:2049E00001000000D0010060C94601800100000001000000D4010060CA460180010000002C
:204A000001000000D8010060704601800200000001000000DC0100607246018002000000AA
:204A200001000000E0010060744601800200000001000000E4010060764601800200000072
:204A400001000000E8010060784601800200000001000000EC0100607A460180020000003A
:204A600001000000F00100607C4601800A00000001000000FC0100608646018002000000EA
:204A80000100000000020060884601800200000001000000040200608A46018002000000A8
:204AA00001000000080200608C46018002000000010000000C0200608E4601800200000070
:204AC0000100000010020060904601800E0000000100000020020060CB46018001000000E8
:204AE0000100000024020060CC4601800100000001000000280200609E46018002000000A9
:204B0000010000002C020060A0460180020000000100000030020060A2460180020000009F
:204B20000100000034020060A446018008000000010000003C020060F4450180080000000A
:204B40000100000044020060CD460180010000000100000048020060FC4501801400000098
:204B6000010000005C020060CE460180010000000100000060020060CF4601800100000086
:204B80000100000064020060D046018005000000020000006C020060000000001D000000C5
:204BA000020000008C020060000000001500000002000000A40200600000000001000000E7
:204BC00002000000A802006000000000BD58000002000000685B006000000000F10000009E
:204BE000020000005C5C0060000000000100000002000000605C006000000000010000007B
:204C000002000000645C0060000000000100000002000000685C006000000000010000004A
:204C2000020000006C5C0060000000000100000002000000705C006000000000010000001A
:204C400002000000745C006000000000FE00000002000000745D006000000000650000008C
:204C600002000000DC5D006000000000350200000200000014600060000000001900000073
:204C8000020000003060006000000000D60000000200000008610060000000004900000038
:204CA00002000000546100600000000025000000020000007C610060000000004100000038
:204CC00002000000C0610060000000002500000002000000E8610060000000004100000040
:204CE000020000002C62006000000000250000000200000054620060000000004100000046
:204D00000200000098620060000000002500000002000000C062006000000000400000004E
:204D20000200000000000070000000004C0100000200000000020070000000004D010000F2
:204D40000200000050030070000000000100000002000000540300700000000001000000C3
:204D600002000000580300700000000001000000020000005C030070000000000100000093
:204D8000020000006003007000000000010000000200000064030070000000000200000062
:204DA00002000000680300700000000080B0000001000000E8B30070D64601802800000015
:104DC00000000000000000000000000000000000E3
:02000004800278
:2000000000000000700059B30000000000000000000000000000000064B81E799B47E18668
:02000004800F6B
:14400000911000E8D9EE660BDC0E911000E8D9EE441BDC0E68
:0A40C000911000E8D9EE4C3BDC0E35
:0A40E000911000E8D9EE602BDC0E11
:0A414000911000E8D9EE4E5BDC0E92
:0A416000911000E8D9EE625BDC0E5E
:0A418000911000E8D9EE724BDC0E3E
:0A41A000911000E8D9EE625BDC0E1E
:0A41C000911000E8D9EE4E6BDC0E02
:0A41E000911000E8D9EE725BDC0ECE
:0A420000911000E8D9EE625BDC0EBD
:0A422000911000E8D9EE487BDC0E97
:0A424000911000E8D9EE6C6BDC0E63
:0A426000911000E8D9EE625BDC0E5D
:0A428000911000E8D9EE428BDC0E2D
:0A42A000911000E8D9EE667BDC0EF9
:0A43E000911000E8D9EE3CDBDC0E82
:0A440000911000E8D9EE16FBDC0E67
:0A442000911000E8D9EE400BDC0E0D
:0A5B8000911000E8D9EEDE00DC0E03
:0A5BA000911000E8D9EEC410DC0EED
:0A5FC000911000E8D9EE783BDC0EEA
:0A5FE000911000E8D9EE621BDC0E00
:040000058000002057
:00000001FF
